image,noise_type,noise_level,method,accuracy,precision,recall,f1_score,iou,false_positive_rate,false_negative_rate,tp,fp,fn,tn
128035,gaussian,low,none,0.9477392494249862,0.630093131548312,0.8051320193380439,0.7069387755102042,0.5467171717171717,0.040147829932402554,0.19486798066195612,4330,2542,1048,60774
128035,gaussian,low,gaussian_blur,0.9460360439048534,0.7631496062992126,0.4505392339159539,0.5665848240383492,0.3952691680261011,0.011876934740034114,0.5494607660840461,2423,752,2955,62564
128035,gaussian,low,median_filter,0.936180743587504,0.6679054054054054,0.367608776496839,0.47421443991364837,0.3108001886495834,0.01552530166150736,0.632391223503161,1977,983,3401,62333
128035,gaussian,low,bilateral_filter,0.938626372026669,0.8061116965226555,0.2844923763480848,0.4205607476635514,0.26627218934911245,0.0058121170004422264,0.7155076236519152,1530,368,3848,62948
128035,gaussian,low,nlm,0.9624566919963898,0.8701401745569955,0.6117515805132019,0.7184190413800633,0.5605724995740331,0.007754753932655253,0.38824841948679806,3290,491,2088,62825
128035,gaussian,medium,none,0.6846449471569569,0.15144899619023158,0.6578653774637412,0.24621594349142284,0.14039125431530494,0.3130804220102344,0.3421346225362588,3538,19823,1840,43493
128035,gaussian,medium,gaussian_blur,0.9376801467377064,0.6437745740498034,0.45667534399404985,0.5343195909931471,0.3645539557666617,0.021463769031524416,0.5433246560059501,2456,1359,2922,61957
128035,gaussian,medium,median_filter,0.9218272338195476,0.5013670539986329,0.2727779843808107,0.3533236994219653,0.21456779289161912,0.023043148651209804,0.7272220156191893,1467,1459,3911,61857
128035,gaussian,medium,bilateral_filter,0.9346667831251638,0.678142514011209,0.3149869840089253,0.4301675977653632,0.27402135231316727,0.012698212142270517,0.6850130159910748,1694,804,3684,62512
128035,gaussian,medium,nlm,0.9311002416513815,0.6871735345327916,0.22015619189289698,0.3334741585692156,0.2001014027378739,0.008512856150104239,0.779843808107103,1184,539,4194,62777
128035,gaussian,high,none,0.6247416077095526,0.10483496048349605,0.5031610264038676,0.1735171529336326,0.09500070214857465,0.3649314549245056,0.4968389735961324,2706,23106,2672,40210
128035,gaussian,high,gaussian_blur,0.8468570763094302,0.2429,0.4516548902937895,0.3159058395109897,0.1875820526681597,0.1195748310063807,0.5483451097062105,2429,7571,2949,55745
128035,gaussian,high,median_filter,0.859492823245116,0.20782061799289034,0.28263294905169206,0.2395209580838323,0.1360544217687075,0.09150925516457135,0.7173670509483079,1520,5794,3858,57522
128035,gaussian,high,bilateral_filter,0.8258072029580458,0.21171013478032558,0.4497954629973968,0.2879076410378481,0.16816127911018422,0.14225472234506287,0.5502045370026032,2419,9007,2959,54309
128035,gaussian,high,nlm,0.9243893207558156,0.5574282147315855,0.1660468575678691,0.2558739255014327,0.14670609495646458,0.011197801503569398,0.8339531424321309,893,709,4485,62607
128035,salt_pepper,low,none,0.8919556293126037,0.41139240506329117,0.8822982521383413,0.5611400189214759,0.389989315361223,0.10722408238044097,0.11770174786165861,4745,6789,633,56527
128035,salt_pepper,low,gaussian_blur,0.9408245261594899,0.6771929824561403,0.4665303086649312,0.552460640757459,0.3816550045634317,0.018889380251437236,0.5334696913350688,2509,1196,2869,62120
128035,salt_pepper,low,median_filter,0.9422657000611407,0.7091232227488151,0.445146894756415,0.546949965729952,0.37641509433962267,0.015509507865310506,0.554853105243585,2394,982,2984,62334
128035,salt_pepper,low,bilateral_filter,0.9169214196290797,0.45717261129914083,0.32651543324656007,0.380952380952381,0.23529411764705882,0.03293006507044033,0.6734845667534399,1756,2085,3622,61231
128035,salt_pepper,low,nlm,0.917911316854456,0.483348219982136,0.704351059873559,0.5732879303821415,0.4018245465153283,0.06394908080106135,0.29564894012644105,3788,4049,1590,59267
128035,salt_pepper,medium,none,0.709858211779777,0.16586306653809066,0.6716251394570473,0.26602835573559197,0.15342139914199548,0.28689430791585063,0.3283748605429528,3612,18165,1766,45151
128035,salt_pepper,medium,gaussian_blur,0.8958424316534195,0.36724936500821753,0.4570472294533284,0.4072570623809129,0.25569541246229066,0.06688672689367617,0.5429527705466716,2458,4235,2920,59081
128035,salt_pepper,medium,median_filter,0.9402422336739744,0.688928465420006,0.43157307549274826,0.530696238710415,0.3611889200124494,0.016551898414302862,0.5684269245072517,2321,1048,3057,62268
128035,salt_pepper,medium,bilateral_filter,0.8262730369464583,0.19529652351738241,0.3906656749721086,0.2604115022310362,0.14969718560741005,0.136726893676164,0.6093343250278914,2101,8657,3277,54659
128035,salt_pepper,medium,nlm,0.9259032812181559,0.5948616600790514,0.16790628486426182,0.26189095127610207,0.15067578841982313,0.009713184661065133,0.8320937151357382,903,615,4475,62701
128035,salt_pepper,high,none,0.6270416630273387,0.10753063440359857,0.5156191892896987,0.17795033048835268,0.09766491740922058,0.36349421947059196,0.4843808107103012,2773,23015,2605,40301
128035,salt_pepper,high,gaussian_blur,0.7697906658514572,0.15397877984084882,0.4317590182223875,0.22700166194153878,0.1280326422584914,0.20149725187946174,0.5682409817776125,2322,12758,3056,50558
128035,salt_pepper,high,median_filter,0.9340117040789588,0.6243744480423904,0.394384529564894,0.4834188034188034,0.31875563570784493,0.020152883947185545,0.605615470435106,2121,1276,3257,62040
128035,salt_pepper,high,bilateral_filter,0.6780359274463563,0.11004985323580115,0.43919672740795834,0.1759994038970232,0.09649086972507047,0.30167730115610586,0.5608032725920417,2362,19101,3016,44215
128035,salt_pepper,high,nlm,0.8917518269426733,0.2712316585148955,0.22685013015991073,0.24706358849736734,0.14094269870609982,0.051772063933287,0.7731498698400893,1220,3278,4158,60038
141012,gaussian,low,none,0.8326345823507147,0.6774177973057796,0.7444550567759737,0.7093561190181257,0.5496141340541387,0.1340274434280212,0.2555449432240263,14030,6681,4816,43167
141012,gaussian,low,gaussian_blur,0.7638512824991993,0.6905868680999419,0.25225512044996284,0.369529731830548,0.22663996948893975,0.04272989889263361,0.7477448795500371,4754,2130,14092,47718
141012,gaussian,low,median_filter,0.7292485515474423,0.5319369019912077,0.10914782977820227,0.1811297494826751,0.0995836560805577,0.036310383566040765,0.8908521702217977,2057,1810,16789,48038
141012,gaussian,low,bilateral_filter,0.7371677293504527,0.7523931078493937,0.06255969436485195,0.11551462303434085,0.06129770198606634,0.007783662333493821,0.937440305635148,1179,388,17667,49460
141012,gaussian,low,nlm,0.7807668792034239,0.7906941031941032,0.27321447522020587,0.4061045823803139,0.2547874709287941,0.027343123094206386,0.7267855247797941,5149,1363,13697,48485
141012,gaussian,medium,none,0.6823012199027572,0.4401863902948502,0.5814496444868937,0.5010516689529035,0.33426880605210174,0.27956989247311825,0.4185503555131062,10958,13936,7888,35912
141012,gaussian,medium,gaussian_blur,0.7496433458526218,0.5959254947613504,0.27162262549082034,0.3731593526753171,0.22937670833893445,0.06963168030813674,0.7283773745091797,5119,3471,13727,46377
141012,gaussian,medium,median_filter,0.7187527294960259,0.4465493910690122,0.10506208213944604,0.17010309278350513,0.09295774647887324,0.04922965816080886,0.894937917860554,1980,2454,16866,47394
141012,gaussian,medium,bilateral_filter,0.7387690336856203,0.6449018977163075,0.10638862358060065,0.1826463220223184,0.10050125313283208,0.022147327876745306,0.8936113764193994,2005,1104,16841,48744
141012,gaussian,medium,nlm,0.7276326899001369,0.6440677966101694,0.0161307439244402,0.031473237395175484,0.01598821920690018,0.003370245546461242,0.9838692560755598,304,168,18542,49680
141012,gaussian,high,none,0.5996884735202492,0.33388366289114996,0.4614241748912236,0.38742732396248697,0.24025417875397154,0.34803803562831004,0.5385758251087764,8696,17349,10150,32499
141012,gaussian,high,gaussian_blur,0.6922438640929339,0.4252101935736166,0.3461742544837101,0.3816432185790751,0.2358214350262064,0.1769178302038196,0.6538257455162899,6524,8819,12322,41029
141012,gaussian,high,median_filter,0.6778466823885638,0.33404083282797653,0.17536877852064098,0.22999304105775922,0.12993906034991154,0.13218183277162573,0.824631221479359,3305,6589,15541,43259
141012,gaussian,high,bilateral_filter,0.6839170815500626,0.41367058115025596,0.36448052637164385,0.38752080336238753,0.24032607935064026,0.19531375381158722,0.6355194736283561,6869,9736,11977,40112
141012,gaussian,high,nlm,0.7267301365475879,0.5864485981308412,0.013318476069192401,0.02604544982878489,0.013194553960994585,0.003550794415021666,0.9866815239308075,251,177,18595,49671
141012,salt_pepper,low,none,0.8841529100066964,0.7548927802228673,0.8555131062294387,0.8020594965675059,0.6695319961795606,0.10501925854597978,0.1444868937705614,16123,5235,2723,44613
141012,salt_pepper,low,gaussian_blur,0.7562232509389466,0.6343054489639294,0.26313276026743077,0.37196219621962195,0.2284727021423635,0.05735435724602792,0.7368672397325693,4959,2859,13887,46989
141012,salt_pepper,low,median_filter,0.7328150930212246,0.5615923885828743,0.11901729810039266,0.19640980735551666,0.1088993542748944,0.03512678542770021,0.8809827018996074,2243,1751,16603,48097
141012,salt_pepper,low,bilateral_filter,0.7247066701604216,0.48929159802306427,0.07879656160458452,0.13573419861980715,0.07280839380270641,0.03109452736318408,0.9212034383954155,1485,1550,17361,48298
141012,salt_pepper,low,nlm,0.7593530730485923,0.6533722008745196,0.2616470338533376,0.3736596824915698,0.2297549156648961,0.05247953779489649,0.7383529661466625,4931,2616,13915,47232
141012,salt_pepper,medium,none,0.7009345794392523,0.46558294146262363,0.6094131380664332,0.5278760858574252,0.35858128570982545,0.2644639704702295,0.3905868619335668,11485,13183,7361,36665
141012,salt_pepper,medium,gaussian_blur,0.7149532710280374,0.4704082454303889,0.309986203969012,0.37370861986246606,0.22979192070172677,0.1319411009468785,0.690013796030988,5842,6577,13004,43271
141012,salt_pepper,medium,median_filter,0.7315049349288147,0.5497278574962889,0.11790300328982277,0.19416288011184904,0.10751959740636795,0.03651099341999679,0.8820969967101773,2222,1820,16624,48028
141012,salt_pepper,medium,bilateral_filter,0.6815151250473113,0.3544267332437104,0.19585057837206835,0.2522898154477102,0.14435449176737455,0.13487000481463648,0.8041494216279317,3691,6723,15155,43125
141012,salt_pepper,medium,nlm,0.7261478440620723,0.5894736842105263,0.005942905656372705,0.011767177978566927,0.005918410484041429,0.0015647568608570053,0.9940570943436273,112,78,18734,49770
141012,salt_pepper,high,none,0.609238070282703,0.3450854286931928,0.4726201846545686,0.3989072261907428,0.24914685314685314,0.3391108971272669,0.5273798153454314,8907,16904,9939,32944
141012,salt_pepper,high,gaussian_blur,0.6453402043846624,0.35296625979425406,0.3513742969330362,0.3521684792724759,0.2137163143456511,0.24352030171722036,0.6486257030669638,6622,12139,12224,37709
141012,salt_pepper,high,median_filter,0.727225085160276,0.5118317265556529,0.12395203226148785,0.19957283212302435,0.11084748979785518,0.04469587546140266,0.8760479677385121,2336,2228,16510,47620
141012,salt_pepper,high,bilateral_filter,0.6085102046758086,0.31132473622508794,0.3522763451130213,0.33053695451942944,0.19798997972086366,0.29461563151982023,0.6477236548869787,6639,14686,12207,35162
141012,salt_pepper,high,nlm,0.7010073659999417,0.2487384980706441,0.044465669107502916,0.07544451946882737,0.039201010431772466,0.05077435403627026,0.9555343308924971,838,2531,18008,47317
141048,gaussian,low,none,0.8523451829854136,0.5393558733128424,0.7130112180902747,0.6141438733974968,0.4431512489706286,0.12016105136562495,0.28698878190972527,8072,6894,3249,50479
141048,gaussian,low,gaussian_blur,0.8479488747197718,0.7517241379310344,0.11553749668757177,0.20029094250057422,0.1112907342806092,0.007529674237010441,0.8844625033124283,1308,432,10013,56941
141048,gaussian,low,median_filter,0.8414854281305499,0.6481481481481481,0.08347319141418602,0.14789889662727912,0.07985465607571404,0.008941488156449897,0.9165268085858139,945,513,10376,56860
141048,gaussian,low,bilateral_filter,0.8393309459341427,0.7784313725490196,0.03506757353590672,0.06711182486687516,0.03472100752142732,0.001969567566625416,0.9649324264640933,397,113,10924,57260
141048,gaussian,low,nlm,0.8483128075232189,0.7878594249201278,0.10891264022612844,0.191370479590253,0.10580966274779027,0.00578669408955432,0.8910873597738715,1233,332,10088,57041
141048,gaussian,medium,none,0.6660843741811512,0.25746377719320224,0.5446515325501281,0.3496455911539552,0.2118609125893348,0.3099541596221219,0.4553484674498719,6166,17783,5155,39590
141048,gaussian,medium,gaussian_blur,0.8424607680437884,0.597651663405088,0.1348820775549863,0.2200922456039204,0.12365373714470808,0.017917835915848918,0.8651179224450137,1527,1028,9794,56345
141048,gaussian,medium,median_filter,0.8329548432177483,0.45405727923627687,0.06722021022877837,0.11710394706470724,0.06219352729650213,0.015948268349223502,0.9327797897712217,761,915,10560,56458
141048,gaussian,medium,bilateral_filter,0.8384429498937316,0.6420382165605095,0.04451903542089922,0.0832644969436643,0.043440786071367005,0.004897774214351698,0.9554809645791008,504,281,10817,57092
141048,gaussian,medium,nlm,0.8358808629574636,0.5836298932384342,0.014486352795689427,0.02827098776073091,0.014338171008917643,0.002039286772523661,0.9855136472043106,164,117,11157,57256
141048,gaussian,high,none,0.6069671295891926,0.19345377756921633,0.4369755321968024,0.2681809557368607,0.15485506792712703,0.35948965541282485,0.5630244678031976,4947,20625,6374,36748
141048,gaussian,high,gaussian_blur,0.7665880571811221,0.2766562411145863,0.2578394134793746,0.2669166057059254,0.15401255737877909,0.13302424485385111,0.7421605865206253,2919,7632,8402,49741
141048,gaussian,high,median_filter,0.7833580807639677,0.23532035082503344,0.13982863704619733,0.17542109929078015,0.09614333434558153,0.08965889878514284,0.8601713629538027,1583,5144,9738,52229
141048,gaussian,high,bilateral_filter,0.7556409584534312,0.25477878488737327,0.2507728999205017,0.25275997150997154,0.14466242038216562,0.14473707144475625,0.7492271000794983,2839,8304,8482,49069
141048,gaussian,high,nlm,0.8345270329286401,0.3763440860215054,0.0061831993640137795,0.012166507343356218,0.0061204861414706655,0.0020218569710491,0.9938168006359862,70,116,11251,57257
141048,salt_pepper,low,none,0.8694354674352928,0.5713938805245264,0.8313753202013956,0.6772928435217501,0.512050486915837,0.12305439841040211,0.16862467979860438,9412,7060,1909,50313
141048,salt_pepper,low,gaussian_blur,0.8426791277258567,0.606023102310231,0.12975885522480346,0.21375045471080392,0.11966438579341805,0.01664546040820595,0.8702411447751965,1469,955,9852,56418
141048,salt_pepper,low,median_filter,0.8445279063673683,0.684301322599195,0.10511438918823425,0.18223583460949463,0.10025273799494525,0.009568961009534102,0.8948856108117658,1190,549,10131,56824
141048,salt_pepper,low,bilateral_filter,0.8219640725536437,0.3100710405348934,0.06554191325854607,0.10821058772057751,0.05720012334258403,0.02877660223450055,0.9344580867414539,742,1651,10579,55722
141048,salt_pepper,low,nlm,0.8260983492008036,0.42947415933197924,0.16809469128168888,0.24162011173184353,0.1374106433677522,0.044062538127690724,0.8319053087183111,1903,2528,9418,54845
141048,salt_pepper,medium,none,0.690176725769354,0.2886182312001358,0.6007419839236816,0.3899097033108786,0.2421663580686512,0.29217576211806945,0.39925801607631833,6801,16763,4520,40610
141048,salt_pepper,medium,gaussian_blur,0.7946254403586922,0.32026312395201856,0.21932691458351736,0.2603544091433365,0.14965945392080043,0.09185505377093756,0.7806730854164826,2483,5270,8838,52103
141048,salt_pepper,medium,median_filter,0.8438582700090256,0.6700971983990852,0.10352442363748786,0.17934200459066565,0.09850395024373844,0.010056995450821815,0.8964755763625122,1172,577,10149,56796
141048,salt_pepper,medium,bilateral_filter,0.7484787608815908,0.20116384067422494,0.17710449606925183,0.18836903419767004,0.10397759684696364,0.1387760793404563,0.8228955039307482,2005,7962,9316,49411
141048,salt_pepper,medium,nlm,0.8348909657320872,0.4533333333333333,0.009009804787562936,0.017668456608349214,0.008912967493883258,0.002143865581371028,0.990990195212437,102,123,11219,57250
141048,salt_pepper,high,none,0.6042012402829942,0.19580553638524653,0.4511085593145482,0.27307969948934574,0.15813103789943028,0.3655900859289213,0.5488914406854518,5107,20975,6214,36398
141048,salt_pepper,high,gaussian_blur,0.6987655399307072,0.21520602892913576,0.31278155639961136,0.25497749774977496,0.14611702566641907,0.22507102644100885,0.6872184436003886,3541,12913,7780,44460
141048,salt_pepper,high,median_filter,0.8424753253559263,0.6335470085470085,0.10476106351029062,0.1797923141059653,0.09877571416673607,0.011956843811548986,0.8952389364897094,1186,686,10135,56687
141048,salt_pepper,high,bilateral_filter,0.6381052202521327,0.17493397358943577,0.3217913611871743,0.22665339389037514,0.12781110760270847,0.29947884893591065,0.6782086388128257,3643,17182,7678,40191
141048,salt_pepper,high,nlm,0.7966634640579964,0.1822328931572629,0.06704354738980656,0.09802402169701666,0.051537991444286,0.059365903822355466,0.9329564526101934,759,3406,10562,53967
146074,gaussian,low,none,0.9494278976329811,0.7393959959280625,0.8481899571817828,0.7900652646845541,0.6529817201078814,0.03777854296817355,0.1518100428182172,6537,2304,1170,58683
146074,gaussian,low,gaussian_blur,0.9280577634145631,0.7586529466791394,0.5261450629298041,0.6213607110021453,0.45070579081916196,0.02115204879728467,0.47385493707019594,4055,1290,3652,59697
146074,gaussian,low,median_filter,0.9052173406702186,0.6322423706324635,0.3709614636045154,0.4675770708970479,0.30512273212379937,0.027268106317739845,0.6290385363954846,2859,1663,4848,59324
146074,gaussian,low,bilateral_filter,0.92718432468629,0.8598031391327481,0.4193590242636564,0.5637537066108494,0.39251882438668934,0.008641185826487612,0.5806409757363435,3232,527,4475,60460
146074,gaussian,low,nlm,0.9553090517366873,0.8667932289194747,0.7109121577786428,0.7811519817507843,0.6408936717744765,0.01380622099791759,0.2890878422213572,5479,842,2228,60145
146074,gaussian,medium,none,0.7158849390048622,0.24114501139751007,0.7137667055923187,0.36049673973590224,0.2198816851866656,0.2838473773099185,0.2862332944076813,5501,17311,2206,43676
146074,gaussian,medium,gaussian_blur,0.9182024630972138,0.6750503018108652,0.5223822499026859,0.5889839806890499,0.41741835147744943,0.03177726400708348,0.4776177500973141,4026,1938,3681,59049
146074,gaussian,medium,median_filter,0.8878941392261332,0.5006242197253433,0.31218372907746206,0.3845600575401582,0.23805283466904126,0.039352648925180776,0.6878162709225379,2406,2400,5301,58587
146074,gaussian,medium,bilateral_filter,0.9214341863918246,0.7509778357235984,0.44842351109381084,0.5615403363392639,0.3903761436801084,0.01879088986177382,0.5515764889061892,3456,1146,4251,59841
146074,gaussian,medium,nlm,0.9143302180685359,0.7794478527607362,0.329700272479564,0.4633901705115347,0.30156657963446476,0.011789397740502075,0.670299727520436,2541,719,5166,60268
146074,gaussian,high,none,0.6457332518123854,0.17210237804156645,0.5662384844946153,0.2639729010404065,0.15205574912891986,0.3442208995359667,0.4337615155053847,4364,20993,3343,39994
146074,gaussian,high,gaussian_blur,0.8406556613386904,0.348997668997669,0.48566238484494617,0.4061414930555555,0.25481652937572336,0.11448341449817175,0.5143376151550538,3743,6982,3964,54005
146074,gaussian,high,median_filter,0.8259527760794247,0.2566158781074579,0.29064486830154407,0.272572402044293,0.15779092702169625,0.10639972453145752,0.709355131698456,2240,6489,5467,54498
146074,gaussian,high,bilateral_filter,0.8124290331033278,0.30239658067470615,0.5140781108083561,0.3807967706280936,0.23517540214875052,0.1498680046567301,0.485921889191644,3962,9140,3745,51847
146074,gaussian,high,nlm,0.9040527556991877,0.6825916230366492,0.2706630336058129,0.38762426832667474,0.24040567016249856,0.015905028940593896,0.7293369663941871,2086,970,5621,60017
146074,salt_pepper,low,none,0.9006609019710601,0.5337100099259372,0.9069676917088362,0.6719861565083637,0.5060083972781236,0.10013609457753292,0.09303230829116388,6990,6107,717,54880
146074,salt_pepper,low,gaussian_blur,0.9198619966809328,0.689893066574681,0.5190086933956144,0.5923731951129211,0.4208311415044713,0.029481692819781264,0.4809913066043856,4000,1798,3707,59189
146074,salt_pepper,low,median_filter,0.9115352141380616,0.6685277088502894,0.41948877643700533,0.5155066570995773,0.3472610096670247,0.02628429009461033,0.5805112235629947,3233,1603,4474,59384
146074,salt_pepper,low,bilateral_filter,0.90940984656593,0.6413871951219512,0.4367458154924095,0.5196449247394828,0.35102721868808007,0.03085903553216259,0.5632541845075905,3366,1882,4341,59105
146074,salt_pepper,low,nlm,0.9249570559291932,0.6375592927986201,0.7673543531854159,0.6964611670494023,0.5342849399223055,0.05512650236935741,0.23264564681458413,5914,3362,1793,57625
146074,salt_pepper,medium,none,0.7209654409409847,0.24615725359911406,0.7210328272998573,0.36701670959645993,0.22475227502527806,0.27904307475363604,0.2789671727001427,5557,17018,2150,43969
146074,salt_pepper,medium,gaussian_blur,0.8817800681282209,0.4749090909090909,0.5083690151810043,0.4910697499529986,0.3254423124844256,0.0710315313099513,0.4916309848189957,3918,4332,3789,56655
146074,salt_pepper,medium,median_filter,0.9083034908434506,0.6381475667189953,0.4219540677306345,0.5080059361087246,0.34048790702544235,0.030235951924180562,0.5780459322693655,3252,1844,4455,59143
146074,salt_pepper,medium,bilateral_filter,0.8327801554720936,0.33131024634059264,0.48164006747113014,0.39257574956374597,0.24422659385485887,0.12284585239477265,0.5183599325288698,3712,7492,3995,53495
146074,salt_pepper,medium,nlm,0.9034850205258101,0.6788442377947526,0.2652134423251589,0.38141444299309574,0.23564676043347937,0.01585583812943742,0.734786557674841,2044,967,5663,60020
146074,salt_pepper,high,none,0.6401432439514368,0.17007330411511462,0.5689632801349422,0.2618692146909526,0.15066139838515719,0.35086165904209093,0.43103671986505776,4385,21398,3322,39589
146074,salt_pepper,high,gaussian_blur,0.764666491978921,0.23570580516153222,0.48942519787206434,0.3181779839730072,0.18918647808205438,0.20055093708495253,0.5105748021279356,3772,12231,3935,48756
146074,salt_pepper,high,median_filter,0.9031502023466387,0.5998862774829417,0.41066562864927986,0.48756065624277906,0.322367080871868,0.03461393411710693,0.5893343713507201,3165,2111,4542,58876
146074,salt_pepper,high,bilateral_filter,0.6873962791510175,0.17844630261129538,0.49565330219281173,0.2624167067390259,0.15102395825096862,0.2883729319363143,0.5043466978071882,3820,17587,3887,43400
146074,salt_pepper,high,nlm,0.8669316097475762,0.3893859919777846,0.32749448553263266,0.3557685531045176,0.2163737676810973,0.06489907685244396,0.6725055144673673,2524,3958,5183,57029
147077,gaussian,low,none,0.8805135819722246,0.6124092314328852,0.7514777238641376,0.6748534305181428,0.5092670094463709,0.09398699419445945,0.24852227613586236,8518,5391,2817,51968
147077,gaussian,low,gaussian_blur,0.8638600168864821,0.72539213457604,0.2815174239082488,0.40561840599974575,0.2544048473252013,0.021060339266723616,0.7184825760917513,3191,1208,8144,56151
147077,gaussian,low,median_filter,0.8448044952979882,0.5983080513418904,0.18094397882664315,0.2778568041725936,0.16134361233480177,0.0240066946773828,0.8190560211733569,2051,1377,9284,55982
147077,gaussian,low,bilateral_filter,0.8566978193146417,0.8044099632503062,0.17379797088663432,0.2858386535113175,0.16675131200270865,0.008350912672815076,0.8262020291133657,1970,479,9365,56880
147077,gaussian,low,nlm,0.8834250443998021,0.8247120827640054,0.37273930304367003,0.5134281200631912,0.34537725823591925,0.01565578200456772,0.6272606969563299,4225,898,7110,56461
147077,gaussian,medium,none,0.6872798206539145,0.28735487656649483,0.6048522276135863,0.38961186565891914,0.24193662220340179,0.2964312488014087,0.39514777238641374,6856,17003,4479,40356
147077,gaussian,medium,gaussian_blur,0.8570908667423647,0.6483001172332943,0.2927216585796206,0.40333069956846773,0.2526075371145794,0.03138130023187294,0.7072783414203794,3318,1800,8017,55559
147077,gaussian,medium,median_filter,0.836084665327394,0.5104719352136274,0.16127040141155713,0.24510592652185575,0.13966992665036676,0.03056189961470737,0.8387295985884429,1828,1753,9507,55606
147077,gaussian,medium,bilateral_filter,0.8541939616269252,0.7087685976574866,0.19752977503308336,0.30895542983303437,0.18270093839249285,0.01603933122962395,0.8024702249669167,2239,920,9096,56439
147077,gaussian,medium,nlm,0.8501179142283168,0.7358147980027235,0.14300838112042347,0.23947407297976067,0.13602416715616347,0.010146620408305584,0.8569916188795765,1621,582,9714,56777
147077,gaussian,high,none,0.62634291204472,0.2177098514987986,0.48760476400529335,0.30101846304667507,0.17717582945984933,0.3462403458916648,0.5123952359947067,5527,19860,5808,37499
147077,gaussian,high,gaussian_blur,0.8025882900981163,0.39051741097776904,0.3502426113806793,0.36928514952792896,0.2264559922423136,0.1080214090203804,0.6497573886193206,3970,6196,7365,51163
147077,gaussian,high,median_filter,0.7890645471220193,0.2967401108104626,0.2031760035288928,0.24120234604105573,0.13714047519799916,0.0951550759253125,0.7968239964711072,2303,5458,9032,51901
147077,gaussian,high,bilateral_filter,0.791437389000495,0.36587771203155817,0.36003528892809883,0.3629329894615145,0.22169708822251194,0.12331107585557628,0.6399647110719012,4081,7073,7254,50286
147077,gaussian,high,nlm,0.843931056569715,0.6376681614349776,0.12545213939126598,0.20965720604496865,0.11710450465288644,0.014086716992974075,0.874547860608734,1422,808,9913,56551
147077,salt_pepper,low,none,0.8934987043992197,0.6288058457791167,0.8654609616232907,0.7283932283932284,0.5728132663786056,0.100960616468209,0.1345390383767093,9810,5791,1525,51568
147077,salt_pepper,low,gaussian_blur,0.8568725070602964,0.6444359023640207,0.2958094397882664,0.40549038577820773,0.25430413348502084,0.03225300301609163,0.7041905602117335,3353,1850,7982,55509
147077,salt_pepper,low,median_filter,0.8485166098931494,0.6319227492189718,0.19629466254962505,0.29954227248249865,0.1761539070540733,0.022594536166948516,0.803705337450375,2225,1296,9110,56063
147077,salt_pepper,low,bilateral_filter,0.8273648353567997,0.44973138910207217,0.20679311865902072,0.2833141959267541,0.16503555586847848,0.05000087170278422,0.7932068813409793,2344,2868,8991,54491
147077,salt_pepper,low,nlm,0.8542085189390631,0.5735950044603033,0.4538156153506837,0.506723144362902,0.3393363678342899,0.06666782893704562,0.5461843846493163,5144,3824,6191,53535
147077,salt_pepper,medium,none,0.7248813579060762,0.32930131792742373,0.6436700485222762,0.4356991430533576,0.2785264363428135,0.2590700674697955,0.35632995147772384,7296,14860,4039,42499
147077,salt_pepper,medium,gaussian_blur,0.8011616735086033,0.3842398884239888,0.3402734891927658,0.3609226594301221,0.22019867549668873,0.1077598981851148,0.6597265108072342,3857,6181,7478,51178
147077,salt_pepper,medium,median_filter,0.8456051474655719,0.5996173817983056,0.19355977062196736,0.29265039349072963,0.17140625,0.025540891577607697,0.8064402293780326,2194,1465,9141,55894
147077,salt_pepper,medium,bilateral_filter,0.7377936937723819,0.2519135022664784,0.2990736656374063,0.2734753146176186,0.1583964115503224,0.17550863857459162,0.7009263343625938,3390,10067,7945,47292
147077,salt_pepper,medium,nlm,0.8428683727836492,0.6281383230696352,0.11698279664755183,0.19723337795626952,0.1094059405940594,0.013685733712233477,0.8830172033524482,1326,785,10009,56574
147077,salt_pepper,high,none,0.6233877776807291,0.21750621890547264,0.4936921041023379,0.3019723174054988,0.17783709918327137,0.35098240903781447,0.5063078958976621,5596,20132,5739,37227
147077,salt_pepper,high,gaussian_blur,0.7039916149882086,0.24228191763560342,0.37318041464490515,0.2938112106688893,0.17220322423058135,0.23063512264858174,0.6268195853550949,4230,13229,7105,44130
147077,salt_pepper,high,median_filter,0.8411942818877922,0.5544200306591722,0.19144243493603882,0.2846088268083153,0.16591482529245355,0.030404993113548006,0.8085575650639611,2170,1744,9165,55615
147077,salt_pepper,high,bilateral_filter,0.6405654060034355,0.19986516853932584,0.39232465813850903,0.26482060443650435,0.15261857368384926,0.31037849334890777,0.607675341861491,4447,17803,6888,39556
147077,salt_pepper,high,nlm,0.7825137566599702,0.2753894080996885,0.19497132774591971,0.22830578512396693,0.12886297376093295,0.10137903380463398,0.8050286722540803,2210,5815,9125,51544
164046,gaussian,low,none,0.8820566570588406,0.48507668289099093,0.6791822039346792,0.5659487838851388,0.3946503287507472,0.09204327199303972,0.3208177960653208,5282,5607,2495,55310
164046,gaussian,low,gaussian_blur,0.9016944711328501,0.7554890219560878,0.19467661051819468,0.309579797566711,0.18313777670255232,0.008043731634847416,0.8053233894818054,1514,490,6263,60427
164046,gaussian,low,median_filter,0.8945613881852855,0.6604567307692307,0.1413141314131413,0.23281432051689438,0.13174298729321507,0.009274915048344469,0.8586858685868587,1099,565,6678,60352
164046,gaussian,low,bilateral_filter,0.89012140798323,0.8102981029810298,0.03844670181303845,0.0734102627056224,0.03810373391104881,0.0011491045192639166,0.9615532981869616,299,70,7478,60847
164046,gaussian,low,nlm,0.9014761114507818,0.7740358500814775,0.18323260897518323,0.29631940112289457,0.17392896374954228,0.006828964000196989,0.8167673910248168,1425,416,6352,60501
164046,gaussian,medium,none,0.6530846944420182,0.16759151896637403,0.5203806094895204,0.2535317149569303,0.14516823301528087,0.3299735705960569,0.47961939051047964,4047,20101,3730,40816
164046,gaussian,medium,gaussian_blur,0.8930183130986694,0.5752461322081576,0.21036389353221036,0.3080689200640241,0.18208124652198107,0.019830260846725872,0.7896361064677896,1636,1208,6141,59709
164046,gaussian,medium,median_filter,0.8851428072320726,0.46954177897574123,0.11199691397711199,0.18085548172757474,0.09941787467184111,0.01615312638508134,0.888003086022888,871,984,6906,59933
164046,gaussian,medium,bilateral_filter,0.8904707834745392,0.6410256410256411,0.07393596502507394,0.13258012451002998,0.07099641931102606,0.005285880788614016,0.9260640349749261,575,322,7202,60595
164046,gaussian,medium,nlm,0.8883454159024078,0.714859437751004,0.022888003086022887,0.04435584350859705,0.0226809378185525,0.0011655202981105438,0.9771119969139771,178,71,7599,60846
164046,gaussian,high,none,0.6098640347046321,0.1322921096377624,0.44001543011444,0.20342408750445842,0.11322877374098339,0.3684521562125515,0.55998456988556,3422,22445,4355,38472
164046,gaussian,high,gaussian_blur,0.7790636736832911,0.20452004472129054,0.3293043590073293,0.25232770087196416,0.1443792986807983,0.1635175730912553,0.6706956409926706,2561,9961,5216,50956
164046,gaussian,high,median_filter,0.8317174716860279,0.2199022656597068,0.19094766619519093,0.20440467997247075,0.11383671904944423,0.08647832296403303,0.809052333804809,1485,5268,6292,55649
164046,gaussian,high,bilateral_filter,0.7568201007366,0.1829095041909362,0.3311045390253311,0.23564401738732554,0.13355809128630705,0.18883070407275473,0.6688954609746689,2575,11503,5202,49414
164046,gaussian,high,nlm,0.8867149969429644,0.4825174825174825,0.008872315803008872,0.017424242424242422,0.008788689338937715,0.001214767634650426,0.9911276841969912,69,74,7708,60843
164046,salt_pepper,low,none,0.8607301947768364,0.43856397583745194,0.8215250096438216,0.571850525844708,0.40041363750313363,0.13426465518656533,0.17847499035617848,6389,8179,1388,52738
164046,salt_pepper,low,gaussian_blur,0.898739336768859,0.6606653620352251,0.21705027645621705,0.3267518389469609,0.1952799629801018,0.014232480260025937,0.782949723543783,1688,867,6089,60050
164046,salt_pepper,low,median_filter,0.8984190759018255,0.696895022178413,0.18181818181818182,0.2883948602896186,0.1684938036224976,0.010095703990675838,0.8181818181818182,1414,615,6363,60302
164046,salt_pepper,low,bilateral_filter,0.8885055463359245,0.5670454545454545,0.06416355921306416,0.11528243040314196,0.06116695268448149,0.006254411740565031,0.9358364407869358,499,381,7278,60536
164046,salt_pepper,low,nlm,0.8752292776661718,0.4291830181947913,0.3093737945223094,0.35956063662855864,0.2191855698278218,0.05253049230920761,0.6906262054776906,2406,3200,5371,57717
164046,salt_pepper,medium,none,0.6656330975048766,0.1821491338187296,0.5597274013115597,0.2748539857932123,0.15932215796793792,0.32084639755733213,0.44027259868844026,4353,19545,3424,41372
164046,salt_pepper,medium,gaussian_blur,0.8605991789675954,0.3524200164068909,0.2761990484762762,0.3096885813148789,0.18321392016376664,0.06479307910763826,0.7238009515237238,2148,3947,5629,56970
164046,salt_pepper,medium,median_filter,0.8965702972603139,0.6639024390243903,0.175003214607175,0.2769919609239849,0.1607606898180959,0.011310471625326264,0.824996785392825,1361,689,6416,60228
164046,salt_pepper,medium,bilateral_filter,0.8501324715404548,0.26316779533483825,0.17988941751317988,0.2137019781562667,0.11963400034205575,0.06430060574223945,0.8201105824868201,1399,3917,6378,57000
164046,salt_pepper,medium,nlm,0.8867441115672402,0.47540983606557374,0.003728944323003729,0.007399846899719315,0.0037136637213471637,0.0005253049230920761,0.9962710556769963,29,32,7748,60885
164046,salt_pepper,high,none,0.6027455090692054,0.12896478284019167,0.43602931721743604,0.19905491473687298,0.11052803129074315,0.37597058292430685,0.563970682782564,3391,22903,4386,38014
164046,salt_pepper,high,gaussian_blur,0.7458438873846333,0.1705906369080022,0.32236080750932233,0.22311217905931563,0.12556345787839326,0.2000919283615411,0.6776391924906776,2507,12189,5270,48728
164046,salt_pepper,high,median_filter,0.8942120126939762,0.6112565445026178,0.18014658608718015,0.2782798689045585,0.16162898015689894,0.014626458952344995,0.8198534139128199,1401,891,6376,60026
164046,salt_pepper,high,bilateral_filter,0.6946749352199609,0.14089795918367348,0.3329047190433329,0.1979963291526461,0.10987565250604761,0.2591394848728598,0.6670952809566671,2589,15786,5188,45131
164046,salt_pepper,high,nlm,0.8829737677235275,0.3378712871287129,0.0351035103510351,0.06359930110658124,0.032844080846968236,0.008782441682945648,0.9648964896489649,273,535,7504,60382
207038,gaussian,low,none,0.8779223804116808,0.626541981695185,0.7742173414194394,0.6925953079178885,0.5297482195928895,0.09967783048927281,0.22578265858056057,9447,5631,2755,50861
207038,gaussian,low,gaussian_blur,0.8583864675226366,0.7474989995998399,0.30617931486641536,0.4344186046511627,0.27748068924539515,0.022339446293280465,0.6938206851335846,3736,1262,8466,55230
207038,gaussian,low,median_filter,0.8330130724662999,0.5914893617021276,0.19365677757744632,0.2917824288448478,0.1708110452508313,0.028889046236635275,0.8063432224225536,2363,1632,9839,54860
207038,gaussian,low,bilateral_filter,0.8390543570035228,0.8201117318435754,0.12030814620554008,0.20983419096626643,0.11721494730118173,0.005699922112865539,0.8796918537944599,1468,322,10734,56170
207038,gaussian,low,nlm,0.8775730049203715,0.8267838676318511,0.39313227339780366,0.5328815818706955,0.36321647611115315,0.01779012957586915,0.6068677266021963,4797,1005,7405,55487
207038,gaussian,medium,none,0.6893324016653565,0.3094056308654849,0.6079331257170956,0.410094811620643,0.25793664591953824,0.2930857466543935,0.39206687428290443,7418,16557,4784,39935
207038,gaussian,medium,gaussian_blur,0.8432323055870964,0.6126395220877221,0.31937387313555154,0.4198674783170824,0.2657166234828856,0.043616795298449335,0.6806261268644485,3897,2464,8305,54028
207038,gaussian,medium,median_filter,0.8173639619180715,0.4581304771178189,0.15423701032617604,0.23077866339668918,0.13044080953701137,0.039403809388940024,0.845762989673824,1882,2226,10320,54266
207038,gaussian,medium,bilateral_filter,0.8379188866567677,0.669094363521216,0.17316833306015408,0.27513020833333335,0.15950781308975617,0.01849819443461021,0.8268316669398459,2113,1045,10089,55447
207038,gaussian,medium,nlm,0.829650333362448,0.6803751803751804,0.07728241271922635,0.13879894024138947,0.07457493080268882,0.007841818310557247,0.9227175872807737,943,443,11259,56049
207038,gaussian,high,none,0.6180306868139867,0.22814424603943137,0.48270775282740536,0.3098450774612694,0.18332347723240686,0.3527402110033279,0.5172922471725947,5890,19927,6312,36565
207038,gaussian,high,gaussian_blur,0.7631962034529944,0.3474900577774443,0.3795279462383216,0.36280308668572997,0.22160015312470094,0.15393330029030658,0.6204720537616785,4631,8696,7571,47796
207038,gaussian,high,median_filter,0.7586397647538359,0.2702560873215785,0.21103097852811015,0.2369995398067188,0.1344296528321587,0.12307937407066487,0.7889690214718899,2575,6953,9627,49539
207038,gaussian,high,bilateral_filter,0.7417823972981629,0.31988547631441955,0.40288477298803477,0.3566195139644541,0.2170036196698155,0.18501734758903915,0.5971152270119653,4916,10452,7286,46040
207038,gaussian,high,nlm,0.825923661455149,0.5787096774193549,0.07351253892804459,0.13045375218150088,0.06977829638273046,0.011559158818947816,0.9264874610719555,897,653,11305,55839
207038,salt_pepper,low,none,0.8814161353247736,0.6201706565536858,0.8577282412719226,0.7198569365155789,0.5623253814743177,0.11346739361325497,0.14227175872807737,10466,6410,1736,50082
207038,salt_pepper,low,gaussian_blur,0.8505546335924535,0.6721194879089616,0.30978528110145875,0.4240996297542915,0.2691157624946604,0.032641789987962896,0.6902147188985412,3780,1844,8422,54648
207038,salt_pepper,low,median_filter,0.8390543570035228,0.6317241379310344,0.2252089821340764,0.3320444659255679,0.19907273254129237,0.02835799759257948,0.7747910178659236,2748,1602,9454,54890
207038,salt_pepper,low,bilateral_filter,0.8272774914839724,0.5489968013957546,0.15472873299459106,0.24141678920785117,0.1372791390969243,0.027455214897684627,0.845271267005409,1888,1551,10314,54941
207038,salt_pepper,low,nlm,0.8544414359332693,0.6281857325730246,0.4423864940173742,0.5191632603991344,0.3505877768396441,0.05655668059194222,0.5576135059826258,5398,3195,6804,53297
207038,salt_pepper,medium,none,0.7003959588901505,0.3248317096625831,0.6366989018193738,0.43018909715108394,0.2740388007054674,0.2858457834737662,0.3633010981806261,7769,16148,4433,40344
207038,salt_pepper,medium,gaussian_blur,0.8032142545200455,0.43209494324045405,0.34314046877561055,0.38251416042389913,0.2364868681163513,0.09741202294130143,0.6568595312243894,4187,5503,8015,50989
207038,salt_pepper,medium,median_filter,0.8360264360788424,0.6024464831804281,0.22602851991476808,0.3287246722288439,0.19669091427756383,0.03221695107271826,0.773971480085232,2758,1820,9444,54672
207038,salt_pepper,medium,bilateral_filter,0.7522782193495793,0.2935425778235143,0.2805277823307655,0.2868876503373423,0.16746575342465753,0.14582595765772144,0.7194722176692345,3423,8238,8779,48254
207038,salt_pepper,medium,nlm,0.8265787405013538,0.6361922714420358,0.05531880019668907,0.10178692603483376,0.053622497616777884,0.0068328258868512355,0.9446811998033109,675,386,11527,56106
207038,salt_pepper,high,none,0.6135033627391039,0.2253655922211163,0.48246189149319785,0.30722262811815054,0.18149027345315535,0.3581923104156341,0.5175381085068022,5887,20235,6315,36257
207038,salt_pepper,high,gaussian_blur,0.713206393571491,0.2741128983673715,0.3728896902147189,0.31596125134543934,0.18762112902560718,0.213286837074276,0.6271103097852812,4550,12049,7652,44443
207038,salt_pepper,high,median_filter,0.8300142661658951,0.5527638190954773,0.2253728896902147,0.3201956104092682,0.19061481943578013,0.0393861077674715,0.7746271103097853,2750,2225,9452,54267
207038,salt_pepper,high,bilateral_filter,0.6423705127085335,0.21156986237462094,0.37166038354368136,0.26964354728424056,0.15583121434952923,0.29915740281809816,0.6283396164563186,4535,16900,7667,39592
207038,salt_pepper,high,nlm,0.7983375549538533,0.31234371448056375,0.1126044910670382,0.1655321968556111,0.09023445196033361,0.053547404942292716,0.8873955089329618,1374,3025,10828,53467
220003,gaussian,low,none,0.8661600722042682,0.5829261672095548,0.7380993297817494,0.6513991051793433,0.4830184435447593,0.1077187324733595,0.26190067021825053,8590,6146,3048,50910
220003,gaussian,low,gaussian_blur,0.8557807086499549,0.7111490607465235,0.2504725897920605,0.3704645103895279,0.22734362813913586,0.02075154234436343,0.7495274102079396,2915,1184,8723,55872
220003,gaussian,low,median_filter,0.837103677177046,0.5699562773266709,0.1568138855473449,0.24595687331536387,0.14022281982328083,0.02413418395961862,0.8431861144526551,1825,1377,9813,55679
220003,gaussian,low,bilateral_filter,0.8522432818004484,0.8209663503019845,0.16351606805293006,0.27271424476927486,0.15788600348460963,0.007273555804823331,0.8364839319470699,1903,415,9735,56641
220003,gaussian,low,nlm,0.8737881037645209,0.8345356176735798,0.31809589276507994,0.4606196341918626,0.29922405431619786,0.012864554122265844,0.6819041072349201,3702,734,7936,56322
220003,gaussian,medium,none,0.6782688444405625,0.283974067803609,0.5909090909090909,0.383600613582485,0.23731796535302643,0.3039119461581604,0.4090909090909091,6877,17340,4761,39716
220003,gaussian,medium,gaussian_blur,0.8482836928989431,0.6248459958932239,0.2614710431345592,0.3686697358856313,0.225993316004456,0.03202117218171621,0.7385289568654408,3043,1827,8595,55229
220003,gaussian,medium,median_filter,0.8288496811948641,0.4819860732667272,0.13679326344732773,0.21310487919148655,0.11925986965315755,0.029988081884464387,0.8632067365526723,1592,1711,10046,55345
220003,gaussian,medium,bilateral_filter,0.8508166652109355,0.729221635883905,0.1899810964083176,0.3014314928425358,0.1774620756079942,0.014389371845204712,0.8100189035916824,2211,821,9427,56235
220003,gaussian,medium,nlm,0.84224240836172,0.7316367842683632,0.10869565217391304,0.1892720879778559,0.10452817716079987,0.008132361189007292,0.8913043478260869,1265,464,10373,56592
220003,gaussian,high,none,0.6192971729699828,0.21799953369083702,0.4820415879017013,0.30022476720539437,0.17662615704300735,0.35270611329220414,0.5179584120982986,5610,20124,6028,36932
220003,gaussian,high,gaussian_blur,0.7690628002445629,0.3262621279394836,0.34095205361746006,0.33344537815126046,0.200080677692618,0.1436132922041503,0.6590479463825399,3968,8194,7670,48862
220003,gaussian,high,median_filter,0.776239555128541,0.2750391707846209,0.19608180099673483,0.22894406822172056,0.12926981249645952,0.10542274256870443,0.8039181990032651,2282,6015,9356,51041
220003,gaussian,high,bilateral_filter,0.7498908201589658,0.3076816320866005,0.3809932978174944,0.34043533341011173,0.2051353226925746,0.1748632922041503,0.6190067021825055,4434,9977,7204,47079
220003,gaussian,high,nlm,0.8368416455585641,0.6169749727965179,0.09743942258119952,0.16829919857524486,0.09188138065143413,0.012338754907459339,0.9025605774188005,1134,704,10504,56352
220003,salt_pepper,low,none,0.873264040527557,0.5877109010410434,0.8440453686200378,0.6929317155756208,0.5301419396621512,0.1207760796410544,0.15595463137996218,9823,6891,1815,50165
220003,salt_pepper,low,gaussian_blur,0.8519084636212769,0.6614502975534494,0.25786217563155184,0.3710664605873261,0.22779717625626233,0.0269209197980931,0.7421378243684482,3001,1536,8637,55520
220003,salt_pepper,low,median_filter,0.8398986811075203,0.5967351874244257,0.1696167726413473,0.2641509433962264,0.15217391304347827,0.023380538418395963,0.8303832273586527,1974,1334,9664,55722
220003,salt_pepper,low,bilateral_filter,0.8427373569744082,0.625866747060597,0.17838116514865096,0.27763289869608826,0.16119263918006058,0.021750560852495795,0.821618834851349,2076,1241,9562,55815
220003,salt_pepper,low,nlm,0.8607301947768364,0.6726121020170028,0.3467090565389242,0.45756080966150703,0.29664755183061314,0.03442232192933259,0.6532909434610757,4035,1964,7603,55092
220003,salt_pepper,medium,none,0.6895070894110111,0.2978599140628259,0.6135074755112563,0.4010222134853549,0.25079911482665357,0.29499088614694335,0.38649252448874377,7140,16831,4498,40225
220003,salt_pepper,medium,gaussian_blur,0.8141176813113227,0.4286074990531499,0.2917167898264307,0.3471547625134209,0.21003464488987875,0.07932557487380819,0.7082832101735693,3395,4526,8243,52530
220003,salt_pepper,medium,median_filter,0.8380935744024224,0.5727580372250423,0.17451452139542878,0.267518440463646,0.15441344180034974,0.02655286034772855,0.8254854786045712,2031,1515,9607,55541
220003,salt_pepper,medium,bilateral_filter,0.7875797012839549,0.3341194968553459,0.2556281147963568,0.2896504722032909,0.16935162520635283,0.10391545148625911,0.7443718852036433,2975,5929,8663,51127
220003,salt_pepper,medium,nlm,0.836070108015256,0.6418359668924003,0.07329438047774532,0.13156474126629136,0.07041439656595674,0.008342680874929894,0.9267056195222547,853,476,10785,56580
220003,salt_pepper,high,none,0.6124843508894517,0.21252590375316602,0.4758549578965458,0.2938242784380306,0.17221220225138378,0.35964666292765,0.5241450421034543,5538,20520,6100,36536
220003,salt_pepper,high,gaussian_blur,0.7131627216350773,0.2525766871165644,0.35375494071146246,0.29472403178466605,0.17283069560471853,0.21352706113292205,0.6462450592885376,4117,12183,7521,44873
220003,salt_pepper,high,median_filter,0.8347599499228463,0.538256464942682,0.17348341639456952,0.26239521736305155,0.15100972326103215,0.03035614133482894,0.8265165836054305,2019,1732,9619,55324
220003,salt_pepper,high,bilateral_filter,0.6604943663202026,0.20871559633027523,0.35968379446640314,0.2641509433962264,0.15217391304347827,0.2781477846326416,0.6403162055335968,4186,15870,7452,41186
220003,salt_pepper,high,nlm,0.8153113809066294,0.3712883435582822,0.1300051555250043,0.19257939285941578,0.10654929577464789,0.0449032529444756,0.8699948444749958,1513,2562,10125,54494
247003,gaussian,low,none,0.8879086965382712,0.5653324229751643,0.7175820604484888,0.6324231430208135,0.46244065903378945,0.08564989993777643,0.28241793955151123,6624,5093,2607,54370
247003,gaussian,low,gaussian_blur,0.8878213526654438,0.7430666241632132,0.25251868703282415,0.3769404915912031,0.23224070937531135,0.013554647427812252,0.7474813129671758,2331,806,6900,58657
247003,gaussian,low,median_filter,0.8773546452383032,0.6524205748865356,0.18687032824179395,0.2905263157894737,0.16995073891625614,0.015454988816575014,0.813129671758206,1725,919,7506,58544
247003,gaussian,low,bilateral_filter,0.8795819139953999,0.7732193732193732,0.14700465821687791,0.2470416894229019,0.14092844532142487,0.006693237811748482,0.8529953417831221,1357,398,7874,59065
247003,gaussian,low,nlm,0.8961918071447288,0.8073770491803278,0.29877586393673494,0.4361508658179806,0.27889574274446355,0.011065704723945984,0.7012241360632651,2758,658,6473,58805
247003,gaussian,medium,none,0.6680350540076281,0.21775836972343524,0.567219152854512,0.31470128621228516,0.18673323823109844,0.3163143467366261,0.43278084714548803,5236,18809,3995,40654
247003,gaussian,medium,gaussian_blur,0.8775730049203715,0.6015837663944568,0.26335174953959484,0.3663351416515973,0.22424130615256896,0.02707566049476145,0.7366482504604052,2431,1610,6800,57853
247003,gaussian,medium,median_filter,0.8617492066264885,0.4588490099009901,0.16065431697540894,0.23798443392441626,0.13506375227686704,0.029413248574743957,0.839345683024591,1483,1749,7748,57714
247003,gaussian,medium,bilateral_filter,0.8739773488223135,0.6196830692243537,0.16097930885061207,0.25556797661019864,0.14650497880311544,0.015337268553554311,0.8390206911493879,1486,912,7745,58551
247003,gaussian,medium,nlm,0.8714298191981833,0.6242990654205608,0.10854728631784205,0.1849390919158361,0.10189139719341062,0.010140759800211896,0.891452713682158,1002,603,8229,58860
247003,gaussian,high,none,0.6171426907735755,0.16461665422250166,0.4537969884086231,0.24159409423842207,0.13739381416248483,0.3574996216134403,0.5462030115913769,4189,21258,5042,38205
247003,gaussian,high,gaussian_blur,0.7967508079308236,0.27976910902150637,0.32553352832845844,0.300921289805728,0.17710850474450404,0.13009770781830718,0.6744664716715415,3005,7736,6226,51727
247003,gaussian,high,median_filter,0.7998660727283314,0.21758159309741154,0.18849528761780956,0.20199674947759466,0.11234504132231404,0.10522509796007601,0.8115047123821905,1740,6257,7491,53206
247003,gaussian,high,bilateral_filter,0.7723818674120011,0.24673784104389088,0.3379915502112447,0.2852441031267142,0.16634676903390916,0.1601836436103123,0.6620084497887553,3120,9525,6111,49938
247003,gaussian,high,nlm,0.8662474160770955,0.5124637681159421,0.09576427255985268,0.16137276378240234,0.08776806989674345,0.014143248742915763,0.9042357274401474,884,841,8347,58622
247003,salt_pepper,low,none,0.8822750167409089,0.5395519291937492,0.8453038674033149,0.6586755581817415,0.4910635619886721,0.1119856044935506,0.15469613259668508,7803,6659,1428,52804
247003,salt_pepper,low,gaussian_blur,0.8811832183305675,0.6382208430307732,0.2673599826671,0.3768514276988853,0.23217309501411101,0.02352723542370886,0.7326400173329,2468,1399,6763,58064
247003,salt_pepper,low,median_filter,0.8804553527236731,0.6850708318198329,0.20431155887769473,0.31475300400534045,0.18676965735789267,0.014580495434135513,0.7956884411223053,1886,867,7345,58596
247003,salt_pepper,low,bilateral_filter,0.8600896730427694,0.44476744186046513,0.16574585635359115,0.24149633020282535,0.1373305807378153,0.032120814624220104,0.8342541436464088,1530,1910,7701,57553
247003,salt_pepper,low,nlm,0.866320202637785,0.5030729833546735,0.42563102589101937,0.4611231735226807,0.2996491763270287,0.06526747725476346,0.5743689741089806,3929,3881,5302,55582
247003,salt_pepper,medium,none,0.6920837336594171,0.24177966468829876,0.6045932185028707,0.3454230364547874,0.20876818912954026,0.29433429191261795,0.3954067814971292,5581,17502,3650,41961
247003,salt_pepper,medium,gaussian_blur,0.8379043293446298,0.3731005065315916,0.30321741956451087,0.3345484969820116,0.20087555619348357,0.07909119956948019,0.6967825804354891,2799,4703,6432,54760
247003,salt_pepper,medium,median_filter,0.8784755582729205,0.656283185840708,0.2008449788755281,0.307564698075647,0.1817290727308371,0.016329482199014513,0.7991550211244719,1854,971,7377,58492
247003,salt_pepper,medium,bilateral_filter,0.7697178792907677,0.21281604184829991,0.26443505579027193,0.2358340176803053,0.1336801752464403,0.151842322116274,0.7355649442097281,2441,9029,6790,50434
247003,salt_pepper,medium,nlm,0.8672227559903339,0.5345477386934674,0.09218936193261835,0.15725769195232375,0.08533894905736061,0.012461530699762878,0.9078106380673816,851,741,8380,58722
247003,salt_pepper,high,none,0.6034733746760998,0.15803266236232436,0.45076373090672733,0.23402041562385764,0.13251592356687897,0.37282007298656306,0.5492362690932727,4161,22169,5070,37294
247003,salt_pepper,high,gaussian_blur,0.7237313302471832,0.19791731234116408,0.3458996858411873,0.25177416811228515,0.14401695909070408,0.21761431478398333,0.6541003141588126,3193,12940,6038,46523
247003,salt_pepper,high,median_filter,0.8730456808454887,0.5836614173228346,0.1927201819954501,0.2897630100171023,0.16942857142857143,0.021341001967610112,0.8072798180045498,1779,1269,7452,58194
247003,salt_pepper,high,bilateral_filter,0.6481060936908609,0.15289908938858948,0.35651608709782256,0.2140139814664282,0.119829595106321,0.30662765080806553,0.6434839129021774,3291,18233,5940,41230
247003,salt_pepper,high,nlm,0.8356042740268437,0.2837667785234899,0.14657133571660708,0.19329952139438528,0.10699035268068954,0.057430671173671025,0.8534286642833929,1353,3415,7878,56048
3063,gaussian,low,none,0.9513057908987684,0.3772361359570662,0.7507788161993769,0.5021580592350052,0.33525437201907793,0.041913103676614445,0.24922118380062305,1687,2785,560,63662
3063,gaussian,low,gaussian_blur,0.9777418697411709,0.7981727574750831,0.42768135291499776,0.5569400173862649,0.3859437751004016,0.0036570499796830555,0.5723186470850022,961,243,1286,66204
3063,gaussian,low,median_filter,0.9748886365621452,0.7265625,0.3724966622162884,0.4924977934686673,0.32669789227166274,0.004740620344033591,0.6275033377837116,837,315,1410,66132
3063,gaussian,low,bilateral_filter,0.9766355140186916,0.869815668202765,0.33600356030262574,0.48475120385232745,0.3199152542372881,0.0017006034884945896,0.6639964396973743,755,113,1492,66334
3063,gaussian,low,nlm,0.9795906483826826,0.8377298161470823,0.46639964396973743,0.599199542595769,0.42775510204081635,0.0030550664439327586,0.5336003560302626,1048,203,1199,66244
3063,gaussian,medium,none,0.665720441377704,0.05885860306643952,0.6150422785936804,0.10743576787033078,0.056767303347710005,0.3325658043252517,0.38495772140631956,1382,22098,865,44349
3063,gaussian,medium,gaussian_blur,0.9698518065624363,0.5521327014218009,0.41477525589675124,0.4736975857687421,0.31035631035631034,0.011377488825680617,0.5852247441032488,932,756,1315,65691
3063,gaussian,medium,median_filter,0.9671004745683757,0.49518874907475946,0.2977303070761015,0.3718732629238466,0.2284055991806077,0.010263819284542567,0.7022696929238985,669,682,1578,65765
3063,gaussian,medium,bilateral_filter,0.9732727749148398,0.729608938547486,0.2906097018246551,0.4156588160407384,0.26235435918039374,0.003642000391289298,0.7093902981753449,653,242,1594,66205
3063,gaussian,medium,nlm,0.9722392057530498,0.753731343283582,0.22474410324877614,0.3462461432979088,0.2093698175787728,0.002483182084969976,0.7752558967512239,505,165,1742,66282
3063,gaussian,high,none,0.6286138527382304,0.04437742352434296,0.5042278593680463,0.08157534739722082,0.04252204916494652,0.3671798576308938,0.49577214063195374,1133,24398,1114,42049
3063,gaussian,high,gaussian_blur,0.8558534952106444,0.09908871896930974,0.4210057854917668,0.16042055282346956,0.08720501474926254,0.12944150977470767,0.5789942145082332,946,8601,1301,57846
3063,gaussian,high,median_filter,0.8919410720004658,0.10331085223789087,0.2999554962171785,0.15368829095884165,0.0832407064344819,0.08804009210348097,0.7000445037828216,674,5850,1573,60597
3063,gaussian,high,bilateral_filter,0.8343377878708476,0.08871476177609655,0.43836226079216734,0.14756554307116101,0.07966033158107562,0.15227173536803768,0.5616377392078327,985,10118,1262,56329
3063,gaussian,high,nlm,0.9706087867936064,0.6671554252199413,0.20249221183800623,0.3106862410378969,0.18391269199676638,0.003416256565382937,0.7975077881619937,455,227,1792,66220
3063,salt_pepper,low,none,0.8786648033307131,0.1937625754527163,0.8571428571428571,0.3160745056207434,0.18770100380079915,0.12060740138757205,0.14285714285714285,1926,8014,321,58433
3063,salt_pepper,low,gaussian_blur,0.9728069409264274,0.6322400558269365,0.4032042723631509,0.49239130434782613,0.32660418168709443,0.007931133083510166,0.5967957276368492,906,527,1341,65920
3063,salt_pepper,low,median_filter,0.9788627827757883,0.7713310580204779,0.5028927458834,0.6088362068965518,0.43764523625096824,0.005041612111908739,0.4971072541165999,1130,335,1117,66112
3063,salt_pepper,low,bilateral_filter,0.9584825457827467,0.3583138173302108,0.3404539385847797,0.34915563669557276,0.21150124412496543,0.02061793609944768,0.6595460614152203,765,1370,1482,65077
3063,salt_pepper,low,nlm,0.9189885579526597,0.22812192723697147,0.6194926568758344,0.3334531081566655,0.20008624407072015,0.0708835613345975,0.38050734312416556,1392,4710,855,61737
3063,salt_pepper,medium,none,0.6920982909715551,0.06753294289897512,0.6568758344459279,0.12247438078247522,0.06523180271357228,0.30671061146477646,0.3431241655540721,1476,20380,771,46067
3063,salt_pepper,medium,gaussian_blur,0.9219582496287886,0.1958984375,0.4463729417000445,0.2722953712501696,0.15760527969830296,0.06195915541709934,0.5536270582999555,1003,4117,1244,62330
3063,salt_pepper,medium,median_filter,0.9770431187585524,0.7257412398921833,0.47930574098798395,0.5773251139104798,0.40580256217030897,0.006125182476259274,0.520694259012016,1077,407,1170,66040
3063,salt_pepper,medium,bilateral_filter,0.8656068943430285,0.1066561549724068,0.4214508233199822,0.17023188926838037,0.0930346792415758,0.11937333513928394,0.5785491766800178,947,7932,1300,58515
3063,salt_pepper,medium,nlm,0.9697790200017469,0.6394779771615008,0.17445482866043613,0.2741258741258741,0.15883306320907617,0.0033259590350203923,0.8255451713395638,392,221,1855,66226
3063,salt_pepper,high,none,0.6250473112644481,0.045507268790596966,0.5238095238095238,0.08373946142079612,0.04369941338085691,0.3715291886766897,0.47619047619047616,1177,24687,1070,41760
3063,salt_pepper,high,gaussian_blur,0.7802137013421842,0.06381101079356459,0.4183355585224744,0.1107315349275533,0.058610799351540094,0.20754887353830873,0.5816644414775256,940,13791,1307,52656
3063,salt_pepper,high,median_filter,0.9718024863889132,0.5955610357583231,0.42990654205607476,0.4993538382010856,0.33275921460558044,0.009872529986304874,0.5700934579439252,966,656,1281,65791
3063,salt_pepper,high,bilateral_filter,0.7050688560864122,0.04766209632866255,0.42234089897641297,0.08565755032042603,0.04474515535857419,0.2853702951224284,0.577659101023587,949,18962,1298,47485
3063,salt_pepper,high,nlm,0.9455556526043032,0.19691433211530654,0.21584334668446817,0.20594479830148618,0.11479289940828402,0.029768085842852197,0.7841566533155319,485,1978,1762,64469
64061,gaussian,low,none,0.9426296328645879,0.4102704678362573,0.7587022642784724,0.532558415371842,0.3629162625282897,0.04909104738723663,0.24129773572152755,2245,3227,714,62508
64061,gaussian,low,gaussian_blur,0.968599877718578,0.825487012987013,0.34369719499831025,0.4853256979241231,0.32041587901701324,0.0032707081463451736,0.6563028050016898,1017,215,1942,65520
64061,gaussian,low,median_filter,0.9631554429790083,0.6956124314442413,0.25718148022980736,0.37552430298544287,0.23116646415552855,0.005065794477827641,0.7428185197701926,761,333,2198,65402
64061,gaussian,low,bilateral_filter,0.9644947156956939,0.8504043126684636,0.213247718823927,0.34098892191299646,0.20553745928338762,0.0016885981592758804,0.786752281176073,631,111,2328,65624
64061,gaussian,low,nlm,0.9698663638745741,0.8497246262785209,0.3649881716796215,0.5106382978723405,0.34285714285714286,0.002905605841636875,0.6350118283203785,1080,191,1879,65544
64061,gaussian,medium,none,0.6644102832852942,0.07464013547840813,0.5958093950659007,0.13266112344331993,0.07104287556415216,0.3325017114170533,0.40419060493409936,1763,21857,1196,43878
64061,gaussian,medium,gaussian_blur,0.9625003639328035,0.6212792906903103,0.33153092260898953,0.43234905244601146,0.2757942086027551,0.009097132425648437,0.6684690773910105,981,598,1978,65137
64061,gaussian,medium,median_filter,0.9567502256383381,0.4950900163666121,0.20446096654275092,0.28940444869648413,0.1691834451901566,0.009386171750209173,0.7955390334572491,605,617,2354,65118
64061,gaussian,medium,bilateral_filter,0.9620927591929426,0.7085781433607521,0.203785062521122,0.3165354330708661,0.1880261927034612,0.0037727238153190843,0.796214937478878,603,248,2356,65487
64061,gaussian,medium,nlm,0.9598800477479839,0.6661211129296236,0.137546468401487,0.2280112044817927,0.12867530825165982,0.003103369590020537,0.862453531598513,407,204,2552,65531
64061,gaussian,high,none,0.6302442716976737,0.055817267724951505,0.4765123352483947,0.09992912827781715,0.0525923162998881,0.3628356278999011,0.5234876647516052,1410,23851,1549,41884
64061,gaussian,high,gaussian_blur,0.8645733251812385,0.13278536698309795,0.3876309564041906,0.1978097783909632,0.10976076555023924,0.11395755685707766,0.6123690435958093,1147,7491,1812,58244
64061,gaussian,high,median_filter,0.9031502023466387,0.1306,0.22068266306184522,0.16409096620178415,0.0893785929373118,0.06612915494029056,0.7793173369381547,653,4347,2306,61388
64061,gaussian,high,bilateral_filter,0.8257053017730807,0.10304738418178616,0.39540385265292327,0.16348773841961853,0.08902077151335312,0.15492507796455465,0.6045961473470767,1170,10184,1789,55551
64061,gaussian,high,nlm,0.9588028066497802,0.6166365280289331,0.11524163568773234,0.19419134396355353,0.10753705455692211,0.0032250703582566366,0.8847583643122676,341,212,2618,65523
64061,salt_pepper,low,none,0.8716336215681136,0.2319026265214606,0.8563703954038526,0.3649719141581449,0.22322057787174066,0.12767931847569788,0.14362960459614735,2534,8393,425,57342
64061,salt_pepper,low,gaussian_blur,0.96500422162052,0.6933797909407665,0.336262250760392,0.4528903049613109,0.29273315681082673,0.006693542252985472,0.6637377492396079,995,440,1964,65295
64061,salt_pepper,low,median_filter,0.9655719567938976,0.7368421052631579,0.31226765799256506,0.4386422976501306,0.2809364548494983,0.005020156689739104,0.6877323420074349,924,330,2035,65405
64061,salt_pepper,low,bilateral_filter,0.9586863481526771,0.5453863465866466,0.2456911118621156,0.3387698042870457,0.20392706872370267,0.009218833193884536,0.7543088881378844,727,606,2232,65129
64061,salt_pepper,low,nlm,0.9336623285876495,0.3178294573643411,0.4711051030753633,0.3795779441797141,0.2342463451520753,0.04551608732030121,0.5288948969246366,1394,2992,1565,62743
64061,salt_pepper,medium,none,0.684630389844819,0.08253358925143954,0.6248732679959446,0.14580869016639067,0.07863734955131205,0.3126796987905986,0.37512673200405544,1849,20554,1110,45181
64061,salt_pepper,medium,gaussian_blur,0.9256703642239497,0.24651711924439196,0.3528218992903008,0.2902418682235196,0.16975609756097562,0.048543393930174185,0.6471781007096993,1044,3191,1915,62544
64061,salt_pepper,medium,median_filter,0.9644219291350045,0.7048528241845664,0.2994254815816154,0.4203036053130929,0.2660660660660661,0.005643873126949114,0.7005745184183846,886,371,2073,65364
64061,salt_pepper,medium,bilateral_filter,0.8770780563076833,0.11851439699540965,0.2879351132139236,0.16791486007094994,0.09165232358003442,0.09640222103902031,0.7120648867860764,852,6337,2107,59398
64061,salt_pepper,medium,nlm,0.9593268698867441,0.6987951807228916,0.09800608313619466,0.17190278601066986,0.0940337224383917,0.0019015745036890545,0.9019939168638054,290,125,2669,65610
64061,salt_pepper,high,none,0.618365504993158,0.05468540573660629,0.4825954714430551,0.09823885525591636,0.05165677904789466,0.37552293298851447,0.517404528556945,1428,24685,1531,41050
64061,salt_pepper,high,gaussian_blur,0.7865752467464407,0.08284614287751318,0.39270023656640757,0.1368266117162202,0.07343740125134299,0.19569483532364798,0.6072997634335924,1162,12864,1797,52871
64061,salt_pepper,high,median_filter,0.9629079686726643,0.655328798185941,0.2930043933761406,0.40495095749649695,0.25387994143484627,0.006936943789457671,0.7069956066238594,867,456,2092,65279
64061,salt_pepper,high,bilateral_filter,0.6987509826185693,0.05814938462305048,0.3943899966204799,0.10135487232933821,0.05338273637985454,0.28754849014984407,0.6056100033795201,1167,18902,1792,46833
64061,salt_pepper,high,nlm,0.9508253995982182,0.32047986289631536,0.12639405204460966,0.18128938439166262,0.09968017057569296,0.012063588651403362,0.8736059479553904,374,793,2585,64942
81095,gaussian,low,none,0.9442746091361691,0.5450690954773869,0.7885052248977737,0.6445682451253482,0.47554459515002057,0.045060038574006096,0.21149477510222625,3471,2897,931,61395
81095,gaussian,low,gaussian_blur,0.9558040003493755,0.7845833333333333,0.4277601090413448,0.5536606880329314,0.38280138239479566,0.008041435948485037,0.5722398909586551,1883,517,2519,63775
81095,gaussian,low,median_filter,0.9480886249162954,0.6893115942028986,0.3457519309404816,0.4605143721633888,0.29913522012578614,0.010670067815591364,0.6542480690595184,1522,686,2880,63606
81095,gaussian,low,bilateral_filter,0.9500101901184965,0.8447293447293447,0.26942298955020444,0.4085428866689631,0.2567099567099567,0.0033907795682199962,0.7305770104497955,1186,218,3216,64074
81095,gaussian,low,nlm,0.9651934666783125,0.8618207988485067,0.5440708768741481,0.6670380169892773,0.5004178854993732,0.0059727493311765075,0.4559291231258519,2395,384,2007,63908
81095,gaussian,medium,none,0.6757213148164323,0.12021927587965324,0.6426624261699228,0.20254886518221524,0.1126867157936666,0.32201518073788343,0.35733757383007725,2829,20703,1573,43589
81095,gaussian,medium,gaussian_blur,0.9478993798585029,0.6353173298257152,0.4388914129940936,0.5191455058444175,0.3505715841045182,0.017249424500715486,0.5611085870059064,1932,1109,2470,63183
81095,gaussian,medium,median_filter,0.9354383206684718,0.4925170068027211,0.24670604270786006,0.32874224307552596,0.19670349574352472,0.01740496484788154,0.7532939572921399,1086,1119,3316,63173
81095,gaussian,medium,bilateral_filter,0.9470113838180918,0.7150112866817155,0.28782371649250343,0.41043083900226757,0.2582025677603424,0.007854787531885772,0.7121762835074966,1267,505,3135,63787
81095,gaussian,medium,nlm,0.9435758581535505,0.7319223985890653,0.18855065879145844,0.29985549132947975,0.17637059073523162,0.004728426553848068,0.8114493412085416,830,304,3572,63988
81095,gaussian,high,none,0.6279296590677498,0.08811275941284118,0.5140845070422535,0.15044041881336215,0.08133850909352311,0.3642754930629005,0.4859154929577465,2263,23420,2139,40872
81095,gaussian,high,gaussian_blur,0.848050775904737,0.2,0.4570649704679691,0.2782464389434379,0.16160642570281125,0.12517887139924097,0.5429350295320309,2012,8048,2390,56244
81095,gaussian,high,median_filter,0.8743995108743121,0.18368263473053892,0.27873693775556563,0.22144017325392526,0.12450532724505327,0.08481615130964973,0.7212630622444344,1227,5453,3175,58839
81095,gaussian,high,bilateral_filter,0.8162721635077299,0.1662470559571185,0.4650159018627896,0.24492970385880944,0.13955549495500408,0.15967772040067194,0.5349840981372104,2047,10266,2355,54026
81095,gaussian,high,nlm,0.9400384313040441,0.6591676040494938,0.13312130849613812,0.22150822150822153,0.12454835281615304,0.0047128725191314625,0.8668786915038619,586,303,3816,63989
81095,salt_pepper,low,none,0.8788103764520919,0.33207773307079874,0.8811903680145389,0.4823726916620034,0.31784660766961653,0.12135257885895602,0.11880963198546116,3879,7802,523,56490
81095,salt_pepper,low,gaussian_blur,0.9500538620549102,0.6817671284163235,0.4136756019990913,0.5149158772797964,0.34672505712109675,0.013220929509114665,0.5863243980009086,1821,850,2581,63442
81095,salt_pepper,low,median_filter,0.9538533205228986,0.7545454545454545,0.41481144934120856,0.5353268836118441,0.3654923939151321,0.00923909662166366,0.5851885506587915,1826,594,2576,63698
81095,salt_pepper,low,bilateral_filter,0.9407226249745247,0.5740574506283662,0.29054975011358475,0.3858220211161388,0.2390207437862082,0.014760778946058607,0.7094502498864153,1279,949,3123,63343
81095,salt_pepper,low,nlm,0.9313331586455876,0.4752397421789027,0.6867333030440709,0.5617392920189539,0.39056847545219636,0.051919367884029115,0.3132666969559291,3023,3338,1379,60954
81095,salt_pepper,medium,none,0.692360322590037,0.12815042005600746,0.6549295774647887,0.21435741105617306,0.12004497001998668,0.3050768369315,0.34507042253521125,2883,19614,1519,44678
81095,salt_pepper,medium,gaussian_blur,0.906323696392698,0.3280906477253509,0.4407087687414811,0.3761512360639845,0.2316417910447761,0.0617961799290736,0.5592912312585189,1940,3973,2462,60319
81095,salt_pepper,medium,median_filter,0.9520045418813871,0.7248677248677249,0.40458882326215356,0.5193176847937017,0.3507286333202048,0.01051452746842531,0.5954111767378464,1781,676,2621,63616
81095,salt_pepper,medium,bilateral_filter,0.8673828864238508,0.20225145459144953,0.36324398000908675,0.25983100422489436,0.14931366140629376,0.09809929695763081,0.6367560199909132,1599,6307,2803,57985
81095,salt_pepper,medium,nlm,0.9397181704370106,0.6566626650660264,0.12426169922762381,0.20897803247373448,0.11668088737201365,0.004448453928949169,0.8757383007723762,547,286,3855,64006
81095,salt_pepper,high,none,0.6195446472763269,0.08443917549428276,0.5015901862789641,0.14454518673693167,0.07790283315104259,0.372379145150252,0.4984098137210359,2208,23941,2194,40351
81095,salt_pepper,high,gaussian_blur,0.7795149503595656,0.12709981951964458,0.41594729668332575,0.1947043811144194,0.1078517994934323,0.19559198656131402,0.5840527033166742,1831,12575,2571,51717
81095,salt_pepper,high,median_filter,0.9466183363903689,0.634862385321101,0.39300318037255794,0.48547776062859554,0.3205484528441727,0.01547626454302246,0.6069968196274421,1730,995,2672,63297
81095,salt_pepper,high,bilateral_filter,0.6979503304509855,0.09081351689612015,0.4120854157201272,0.14882881404602702,0.08039711031334486,0.28247682448827227,0.5879145842798728,1814,18161,2588,46131
81095,salt_pepper,high,nlm,0.9216088741374793,0.2996331023236853,0.16696955929123125,0.21444201312910283,0.12009803921568628,0.026721831643128226,0.8330304407087687,735,1718,3667,62574
100080,gaussian,low,none,0.9618743995108743,0.37675950883498055,0.700445434298441,0.48997078870496585,0.3244776889347434,0.031107058506980777,0.29955456570155903,1258,2081,538,64817
100080,gaussian,low,gaussian_blur,0.9778437709261362,0.7842323651452282,0.21046770601336304,0.33187006145741876,0.19894736842105262,0.001554605518849592,0.7895322939866369,378,104,1418,66794
100080,gaussian,low,median_filter,0.9764171543366232,0.6938325991189427,0.17538975501113585,0.27999999999999997,0.16279069767441862,0.0020777900684624353,0.8246102449888641,315,139,1481,66759
100080,gaussian,low,bilateral_filter,0.97478673537718,0.7285714285714285,0.05679287305122494,0.10537190082644628,0.05561613958560523,0.0005680289395796586,0.9432071269487751,102,38,1694,66860
100080,gaussian,low,nlm,0.9779456721111014,0.7826961770623743,0.21659242761692651,0.3392935019624945,0.20430672268907563,0.0016143980388053454,0.7834075723830735,389,108,1407,66790
100080,gaussian,medium,none,0.6659388010597723,0.044255795914849606,0.571826280623608,0.08215342772578194,0.04283628779979145,0.33153457502466444,0.428173719376392,1027,22179,769,44719
100080,gaussian,medium,gaussian_blur,0.9756310594811773,0.5815508021390374,0.24220489977728285,0.3419811320754717,0.20625889046941678,0.004678764686537714,0.7577951002227171,435,313,1361,66585
100080,gaussian,medium,median_filter,0.9734037907240807,0.469061876247505,0.13084632516703787,0.20461471484545057,0.11396702230843841,0.00397620257705761,0.8691536748329621,235,266,1561,66632
100080,gaussian,medium,bilateral_filter,0.9755146009840743,0.72265625,0.10300668151447662,0.18031189083820665,0.09908944831280128,0.0010613172292146254,0.8969933184855234,185,71,1611,66827
100080,gaussian,medium,nlm,0.9739132966489068,0.6111111111111112,0.006124721603563474,0.012127894156560088,0.006100942872989462,0.00010463690992256868,0.9938752783964365,11,7,1785,66891
100080,gaussian,high,none,0.6262701254840306,0.031327287716405604,0.4443207126948775,0.058527998826506285,0.030146197725813156,0.3688451074770546,0.5556792873051225,798,24675,998,42223
100080,gaussian,high,gaussian_blur,0.8665822342562669,0.07181871005229518,0.344097995545657,0.1188347274300548,0.06317080650107329,0.11939071422165087,0.655902004454343,618,7987,1178,58911
100080,gaussian,high,median_filter,0.9168195184441145,0.06447309915518008,0.16146993318485522,0.09215125516364792,0.04830113257828115,0.06290173099345273,0.8385300668151447,290,4208,1506,62690
100080,gaussian,high,bilateral_filter,0.8478469735348065,0.060609137055837564,0.33240534521158127,0.10252447192168984,0.054032039098560955,0.13831504678764686,0.6675946547884187,597,9253,1199,57645
100080,gaussian,high,nlm,0.9738550674003552,0.0,0.0,0.0,0.0,0.0,1.0,0,0,1796,66898
100080,salt_pepper,low,none,0.8750254752962413,0.15216723024900092,0.826837416481069,0.2570315880571181,0.14746772591857002,0.12368082752847619,0.17316258351893096,1485,8274,311,58624
100080,salt_pepper,low,gaussian_blur,0.9762424665909687,0.6428571428571429,0.205456570155902,0.31139240506329113,0.18440779610194902,0.003064366647732369,0.794543429844098,369,205,1427,66693
100080,salt_pepper,low,median_filter,0.9786735377179957,0.7829059829059829,0.25501113585746105,0.38471230575388493,0.23816952678107126,0.0018984125085951748,0.744988864142539,458,127,1338,66771
100080,salt_pepper,low,bilateral_filter,0.9689346958977494,0.25578034682080925,0.09855233853006681,0.14228295819935693,0.07659022068368672,0.007698286944303268,0.9014476614699332,177,515,1619,66383
100080,salt_pepper,low,nlm,0.9324977436166186,0.18855514141635607,0.47884187082405344,0.27056787792984116,0.15644897216663634,0.055323029089060956,0.5211581291759465,860,3701,936,63197
100080,salt_pepper,medium,none,0.6824904649605497,0.04825531530718187,0.5952115812917594,0.08927303854023133,0.04672202797202797,0.3151663726867769,0.40478841870824056,1069,21084,727,45814
100080,salt_pepper,medium,gaussian_blur,0.944289166448307,0.16540362438220757,0.2795100222717149,0.20782446698406126,0.11596211596211596,0.03786361326198093,0.720489977728285,502,2533,1294,64365
100080,salt_pepper,medium,median_filter,0.9787899962150989,0.7792421746293245,0.2633630289532294,0.39367457344985435,0.24507772020725388,0.0020030494185177433,0.7366369710467706,473,134,1323,66764
100080,salt_pepper,medium,bilateral_filter,0.9076920837336594,0.0708215297450425,0.20879732739420936,0.10576787477083628,0.05583680762358547,0.07354479954557684,0.7912026726057907,375,4920,1421,61978
100080,salt_pepper,medium,nlm,0.9737386089032521,0.0,0.0,0.0,0.0,0.00011958503991150707,1.0,0,8,1796,66890
100080,salt_pepper,high,none,0.6169971176521967,0.03153187585996025,0.4593541202672606,0.059012875536480686,0.030403537866224434,0.3787706657897097,0.5406458797327395,825,25339,971,41559
100080,salt_pepper,high,gaussian_blur,0.7942760648673829,0.044460856720827176,0.3351893095768374,0.07850808555033907,0.04085787973394869,0.19339890579688482,0.6648106904231625,602,12938,1194,53960
100080,salt_pepper,high,median_filter,0.9764753835851748,0.6530612244897959,0.21380846325167038,0.3221476510067114,0.192,0.0030494185177434305,0.7861915367483296,384,204,1412,66694
100080,salt_pepper,high,bilateral_filter,0.7313884764317117,0.03578595317725752,0.3574610244988864,0.06505877584110255,0.03362312768408924,0.25857275254865614,0.6425389755011136,642,17298,1154,49600
100080,salt_pepper,high,nlm,0.9614522374588756,0.0696969696969697,0.03841870824053452,0.049533381191672644,0.025395656974604344,0.013767227719812251,0.9615812917594655,69,921,1727,65977
103041,gaussian,low,none,0.9136314670859172,0.4855752519986097,0.7373328641801549,0.5855396437303528,0.4139668115369419,0.07046500555467386,0.2626671358198452,4191,4440,1493,58570
103041,gaussian,low,gaussian_blur,0.9352781902349551,0.7600840336134453,0.3182617874736101,0.4486607142857143,0.2892086330935252,0.009062053642279003,0.6817382125263899,1809,571,3875,62439
103041,gaussian,low,median_filter,0.9278248464203569,0.6680555555555555,0.25387051372273045,0.36792452830188677,0.2254335260115607,0.011379146167275036,0.7461294862772695,1443,717,4241,62293
103041,gaussian,low,bilateral_filter,0.9279704195417359,0.7792109256449166,0.1806826178747361,0.29334475864038845,0.1718828451882845,0.004618314553245516,0.819317382125264,1027,291,4657,62719
103041,gaussian,low,nlm,0.9384225696567385,0.794331983805668,0.34517945109078113,0.48123620309050774,0.3168604651162791,0.008062212347246469,0.6548205489092188,1962,508,3722,62502
103041,gaussian,medium,none,0.6661571607418406,0.13900632037168809,0.5842716396903589,0.22458157227388,0.12649501028414717,0.32645611807649577,0.4157283603096411,3321,20570,2363,42440
103041,gaussian,medium,gaussian_blur,0.9275337001775992,0.6063253012048193,0.3541520056298381,0.44713460684140377,0.2879416392504649,0.020742739247738454,0.6458479943701618,2013,1307,3671,61703
103041,gaussian,medium,median_filter,0.9195126211896235,0.5343680709534369,0.21199859254046446,0.30356468069026327,0.17894267894267893,0.016664021583875574,0.7880014074595355,1205,1050,4479,61960
103041,gaussian,medium,bilateral_filter,0.9258741665938801,0.6676104190260476,0.20742434904996482,0.31651006711409396,0.18800829213841494,0.009315981590223774,0.7925756509500352,1179,587,4505,62423
103041,gaussian,medium,nlm,0.9229627041663028,0.6734513274336283,0.13388458831808586,0.22336366304666866,0.12572278209152488,0.0058562132994762735,0.8661154116819142,761,369,4923,62641
103041,gaussian,high,none,0.6226016828252832,0.10489947296505954,0.4727304714989444,0.17169877631873226,0.09391164546344191,0.36387874940485637,0.5272695285010556,2687,22928,2997,40082
103041,gaussian,high,gaussian_blur,0.8219640725536437,0.20369364475828355,0.3958479943701619,0.2689778840406456,0.15538674033149172,0.13959688938263767,0.6041520056298382,2250,8796,3434,54214
103041,gaussian,high,median_filter,0.861690977377937,0.19634049323786795,0.217100633356791,0.2061993483164843,0.11495109455053563,0.0801618790668148,0.782899366643209,1234,5051,4450,57959
103041,gaussian,high,bilateral_filter,0.8079744955891344,0.1879105346304149,0.3976073187895848,0.2552086274066964,0.146268849912627,0.15500714172353594,0.6023926812104152,2260,9767,3424,53243
103041,gaussian,high,nlm,0.9197600954959676,0.5844793713163065,0.10467980295566502,0.17755893763055805,0.09742917962993286,0.006713220123789875,0.895320197044335,595,423,5089,62587
103041,salt_pepper,low,none,0.8772964159897516,0.3893769646167486,0.849929627023223,0.5340777182024211,0.3643288084464555,0.12023488335184891,0.15007037297677692,4831,7576,853,55434
103041,salt_pepper,low,gaussian_blur,0.9310711270271057,0.6606840501185235,0.3432441942294159,0.45177723746671294,0.29180376906969785,0.015902237740041264,0.6567558057705841,1951,1002,3733,62008
103041,salt_pepper,low,median_filter,0.9329053483564794,0.7265065318162663,0.3033075299085151,0.4279508501923793,0.27222485393968104,0.01029995238850976,0.6966924700914848,1724,649,3960,62361
103041,salt_pepper,low,bilateral_filter,0.91147698488951,0.42455340174838463,0.19651653764954258,0.2686710763680096,0.1551819949986107,0.024027932074273926,0.8034834623504574,1117,1514,4567,61496
103041,salt_pepper,low,nlm,0.8988121233295484,0.4120261074850715,0.5219915552427867,0.4605355064027939,0.29915305505142165,0.06719568322488494,0.4780084447572132,2967,4234,2717,58776
103041,salt_pepper,medium,none,0.695446472763269,0.15782618459465528,0.6182266009852216,0.251458012809045,0.14381010845099243,0.29758768449452466,0.3817733990147783,3514,18751,2170,44259
103041,salt_pepper,medium,gaussian_blur,0.8803097796022943,0.3052486187845304,0.34992962702322306,0.3260655737704918,0.1947899324258153,0.07184573877162355,0.650070372976777,1989,4527,3695,58483
103041,salt_pepper,medium,median_filter,0.9298191981832474,0.685431886549205,0.28061224489795916,0.39820247160154787,0.24859725685785536,0.011617203618473258,0.7193877551020408,1595,732,4089,62278
103041,salt_pepper,medium,bilateral_filter,0.8354004716569132,0.1717454757734968,0.2587966220971147,0.2064706295178609,0.11511973704805134,0.1125853039200127,0.7412033779028853,1471,7094,4213,55916
103041,salt_pepper,medium,nlm,0.9187265263341776,0.5527690700104493,0.09306826178747361,0.15931335642222558,0.08655104712041885,0.006792572607522616,0.9069317382125264,529,428,5155,62582
103041,salt_pepper,high,none,0.6184237342417096,0.10392066064675465,0.47378606615059815,0.17045382619153113,0.0931672720982529,0.368528804951595,0.5262139338494018,2693,23221,2991,39789
103041,salt_pepper,high,gaussian_blur,0.7547966343494337,0.13855421686746988,0.3763194933145672,0.20253763848120443,0.11267976610651635,0.21106173623234406,0.6236805066854328,2139,13299,3545,49711
103041,salt_pepper,high,median_filter,0.9264564590793956,0.6238244514106583,0.2800844475721323,0.3865954346770277,0.23961468994581578,0.015235676876686241,0.7199155524278676,1592,960,4092,62050
103041,salt_pepper,high,bilateral_filter,0.6826214807697907,0.10510584084672678,0.377375087966221,0.16441821247892072,0.08957280661460726,0.28984288208220915,0.622624912033779,2145,18263,3539,44747
103041,salt_pepper,high,nlm,0.8997292339942353,0.25823293172690764,0.11312456016889515,0.15732811353070714,0.08538042756606029,0.029312807490874466,0.8868754398311048,643,1847,5041,61163
117054,gaussian,low,none,0.9190176725769353,0.717170045510964,0.8016093229744728,0.7570424073022667,0.6090653548840478,0.059051173076258595,0.19839067702552718,8667,3418,2145,54464
117054,gaussian,low,gaussian_blur,0.8792470958162285,0.7177712406990829,0.3836477987421384,0.5000301368211681,0.3333601221570361,0.028178017345634222,0.6163522012578616,4148,1631,6664,56251
117054,gaussian,low,median_filter,0.8509185663959007,0.5641140803952391,0.23233444321124677,0.3291188994431707,0.1969732611934447,0.0335337410593967,0.7676655567887533,2512,1941,8300,55941
117054,gaussian,low,bilateral_filter,0.873264040527557,0.7981313703284258,0.2607288198298187,0.3930563301728946,0.24459869848156182,0.01231816454165371,0.7392711801701812,2819,713,7993,57169
117054,gaussian,low,nlm,0.9162808978950127,0.8329167214840153,0.5855530891601923,0.6876663227067832,0.5240026485681178,0.021941190698317264,0.4144469108398076,6331,1270,4481,56612
117054,gaussian,medium,none,0.7022447375316622,0.2960314774073447,0.6471513133555309,0.4062354853692522,0.2548905322210484,0.287464151204174,0.3528486866444691,6997,16639,3815,41243
117054,gaussian,medium,gaussian_blur,0.8738026610766588,0.6648207968004922,0.39974102848686643,0.499277999191359,0.33269186359787545,0.03764555474931758,0.6002589715131336,4322,2179,6490,55703
117054,gaussian,medium,median_filter,0.8419803767432381,0.49535336070888264,0.21198668146503885,0.2969104216594339,0.17433635049821253,0.04034069313430773,0.7880133185349611,2292,2335,8520,55547
117054,gaussian,medium,bilateral_filter,0.8702506769150145,0.7033626044120797,0.3037365889752127,0.4242619985789032,0.26924653603345083,0.02392799143084206,0.6962634110247873,3284,1385,7528,56497
117054,gaussian,medium,nlm,0.8573528983608466,0.7013916500994036,0.16315205327413984,0.26472574472874616,0.15255556516474963,0.012974672609792336,0.8368479467258602,1764,751,9048,57131
117054,gaussian,high,none,0.6303898448190526,0.21613832853025935,0.5133185349611543,0.30419292956974514,0.17937944408532644,0.3477419577761653,0.48668146503884574,5550,20128,5262,37754
117054,gaussian,high,gaussian_blur,0.8093865548665095,0.39746585190510425,0.4090825009248983,0.4031905195989061,0.25249757378546556,0.11583912097024981,0.5909174990751017,4423,6705,6389,51177
117054,gaussian,high,median_filter,0.792325385040906,0.2984360410830999,0.23649648538660747,0.2638802889576884,0.15199429352671937,0.10384921046266542,0.7635035146133925,2557,6011,8255,51871
117054,gaussian,high,bilateral_filter,0.7916411913704253,0.36475314841999534,0.4366444691083981,0.3974742159545359,0.24802984133655565,0.14204761411146816,0.563355530891602,4721,8222,6091,49660
117054,gaussian,high,nlm,0.8516755466270708,0.6216321749316673,0.14724380318165,0.23809167726015107,0.13513284101519396,0.016740955737534986,0.85275619681835,1592,969,9220,56913
117054,salt_pepper,low,none,0.8946778466823886,0.6170867430441899,0.8718091009988901,0.7226587955686741,0.5657523558009724,0.10105041290902181,0.1281908990011099,9426,5849,1386,52033
117054,salt_pepper,low,gaussian_blur,0.87469065711707,0.6742017072399621,0.3944691083980762,0.49772435523398295,0.3313136021129496,0.035606924432466054,0.6055308916019237,4265,2061,6547,55821
117054,salt_pepper,low,median_filter,0.8535097679564445,0.5841006063328094,0.24056603773584906,0.340779561087455,0.20538534428300695,0.0319961300577036,0.7594339622641509,2601,1852,8211,56030
117054,salt_pepper,low,bilateral_filter,0.8510786968294174,0.5530054644808743,0.2807991120976693,0.3724696356275304,0.22885572139303484,0.04239659997926817,0.7192008879023307,3036,2454,7776,55428
117054,salt_pepper,low,nlm,0.9000786094855446,0.7145652173913043,0.6080281169071402,0.6570057965220868,0.489209703824974,0.0453681628140009,0.3919718830928598,6574,2626,4238,55256
117054,salt_pepper,medium,none,0.720019215652022,0.31486611265004616,0.6623196448390677,0.4268216361198033,0.27131166174130483,0.26920286099305485,0.3376803551609323,7161,15582,3651,42300
117054,salt_pepper,medium,gaussian_blur,0.8262730369464583,0.441804979253112,0.39391416944136143,0.416487385096812,0.2630148829741246,0.09296499775405134,0.6060858305586385,4259,5381,6553,52501
117054,salt_pepper,medium,median_filter,0.8505255189681777,0.5580452411438327,0.24186089530151683,0.3374628984385082,0.20298067220367927,0.03577968971355516,0.7581391046984831,2615,2071,8197,55811
117054,salt_pepper,medium,bilateral_filter,0.7677963140885666,0.2988334768652627,0.35303366629670735,0.3236803052787789,0.19308984216916228,0.154728585743409,0.6469663337032926,3817,8956,6995,48926
117054,salt_pepper,medium,nlm,0.8493172620607331,0.6330063473744951,0.1014613392526822,0.17489039457951377,0.09582459818308875,0.010987871877267545,0.8985386607473178,1097,636,9715,57246
117054,salt_pepper,high,none,0.626997991090925,0.2124635993011066,0.5061043285238623,0.29928624169333,0.1759768451519537,0.3504198196330465,0.4938956714761376,5472,20283,5340,37599
117054,salt_pepper,high,gaussian_blur,0.7282732116342039,0.26391727786461466,0.40603033666296706,0.3199008963054725,0.1904059680777238,0.21153381016550915,0.5939696633370329,4390,12244,6422,45638
117054,salt_pepper,high,median_filter,0.8469007482458439,0.5292368681863231,0.2469478357380688,0.3367597906287444,0.2024721316448017,0.04103175425866418,0.7530521642619312,2670,2375,8142,55507
117054,salt_pepper,high,bilateral_filter,0.6583544414359332,0.20800073824574355,0.41694413614502407,0.27754348160689546,0.16113235872323695,0.2965516049894613,0.583055863854976,4508,17165,6304,40717
117054,salt_pepper,high,nlm,0.8057763414563135,0.3313333333333333,0.22983721790603034,0.27140672782874614,0.15701017249004864,0.08664178846618983,0.7701627820939697,2485,5015,8327,52867
118020,gaussian,low,none,0.9084490639648295,0.6879060665362036,0.7924256086564473,0.7364760108946157,0.5828745771705246,0.0692139434761475,0.20757439134355274,8788,3987,2302,53617
118020,gaussian,low,gaussian_blur,0.873642530643142,0.7203730797366495,0.3551848512173129,0.47578209928735354,0.3121483477296141,0.02654329560447191,0.6448151487826871,3939,1529,7151,56075
118020,gaussian,low,median_filter,0.8491425743150784,0.5941953874060637,0.2067628494138864,0.30677637300153854,0.18117888748419722,0.02718561211027012,0.7932371505861137,2293,1566,8797,56038
118020,gaussian,low,bilateral_filter,0.8619093370600053,0.8049429657794677,0.19089269612263302,0.308600583090379,0.18245281392743257,0.00890563155336435,0.809107303877367,2117,513,8973,57091
118020,gaussian,low,nlm,0.9079686726642793,0.8447079236552921,0.5267808836789901,0.6488948128401644,0.4802696481420585,0.018644538573710158,0.47321911632100994,5842,1074,5248,56530
118020,gaussian,medium,none,0.6932919905668617,0.29312989759111074,0.6375112714156899,0.4016018631599875,0.25125270976225167,0.2959690299284772,0.3624887285843102,7070,17049,4020,40555
118020,gaussian,medium,gaussian_blur,0.8644568666841355,0.6366989396035039,0.37357980162308385,0.47087571745183837,0.30793815965512117,0.04103881674883689,0.6264201983769161,4143,2364,6947,55240
118020,gaussian,medium,median_filter,0.8338719538824352,0.46254071661237783,0.17926059513074843,0.25838315570574477,0.1483582089552239,0.04010138184848274,0.8207394048692516,1988,2310,9102,55294
118020,gaussian,medium,bilateral_filter,0.8623314991120039,0.7203778677462888,0.2406672678088368,0.36079756674552216,0.22010555830446973,0.017984862162349836,0.7593327321911633,2669,1036,8421,56568
118020,gaussian,medium,nlm,0.8485893964538388,0.6753180661577608,0.11965734896302975,0.20329375718115666,0.11314802182810368,0.011075619748628567,0.8803426510369703,1327,638,9763,56966
118020,gaussian,high,none,0.6251637697615512,0.21706234317699286,0.5070333633904418,0.3039870252736856,0.1792362616345786,0.3520936046107909,0.49296663660955814,5623,20282,5467,37322
118020,gaussian,high,gaussian_blur,0.7903310332780156,0.3663142603502542,0.409287646528404,0.38661045100293856,0.23962622743110548,0.1363099784737171,0.590712353471596,4539,7852,6551,49752
118020,gaussian,high,median_filter,0.7792383614289458,0.27408803636766826,0.22290351668169522,0.24586006265851112,0.14015989113794863,0.11365530171515867,0.7770964833183048,2472,6547,8618,51057
118020,gaussian,high,bilateral_filter,0.7730951757067575,0.33997580243399045,0.4307484220018034,0.38001670577940416,0.23458063248870556,0.16099576418304284,0.5692515779981966,4777,9274,6313,48330
118020,gaussian,high,nlm,0.8441348589396453,0.601162176439514,0.10261496844003606,0.17530616960640838,0.09607429295061207,0.013106728699395876,0.897385031559964,1138,755,9952,56849
118020,salt_pepper,low,none,0.8932657874050135,0.6199106573069559,0.8759242560865644,0.7260089686098654,0.5698697641675466,0.10339559752794945,0.12407574391343552,9714,5956,1376,51648
118020,salt_pepper,low,gaussian_blur,0.8677904911637115,0.658609794628752,0.3759242560865645,0.4786452353616533,0.314617764697004,0.0375147559197278,0.6240757439134356,4169,2161,6921,55443
118020,salt_pepper,low,median_filter,0.8554604477829214,0.6397784733927282,0.23958521190261498,0.34861903824706425,0.21110757985062767,0.025970418720922157,0.760414788097385,2657,1496,8433,56108
118020,salt_pepper,low,bilateral_filter,0.846886190933706,0.5645598194130925,0.22551848512173128,0.32229381443298966,0.19210384822182963,0.033487257829317406,0.7744815148782687,2501,1929,8589,55675
118020,salt_pepper,low,nlm,0.8857250997175882,0.6639344262295082,0.5916140667267809,0.6256913980545489,0.45527721879120114,0.057652246371779736,0.4083859332732191,6561,3321,4529,54283
118020,salt_pepper,medium,none,0.7093487058549509,0.3081445616462044,0.642741208295762,0.41657413359827017,0.2630840776555695,0.2778279286160683,0.3572587917042381,7128,16004,3962,41600
118020,salt_pepper,medium,gaussian_blur,0.8209305033918537,0.43665655403284864,0.3763751127141569,0.40428107898687593,0.2533535660091047,0.0934830914519825,0.6236248872858431,4174,5385,6916,52219
118020,salt_pepper,medium,median_filter,0.8513261711357615,0.6033466886636814,0.2308385933273219,0.3339203026152742,0.2004227667736632,0.02921672106103743,0.7691614066726781,2560,1683,8530,55921
118020,salt_pepper,medium,bilateral_filter,0.7702564998398695,0.3001703577512777,0.31776375112714156,0.30871660096364434,0.18253392727649437,0.1426289840983265,0.6822362488728584,3524,8216,7566,49388
118020,salt_pepper,medium,nlm,0.8436835822633709,0.6001137656427759,0.09513074842200181,0.16422789539227897,0.08945984906300347,0.01220401361016596,0.9048692515779982,1055,703,10035,56901
118020,salt_pepper,high,none,0.6185256354266748,0.2124567210744588,0.5035166816952209,0.298825355202954,0.1756582465632766,0.35933268523019235,0.4964833183047791,5584,20699,5506,36905
118020,salt_pepper,high,gaussian_blur,0.7273706582816549,0.26679286761113824,0.3939585211902615,0.3181387897764509,0.18915876520760272,0.2084403860842997,0.6060414788097385,4369,12007,6721,45597
118020,salt_pepper,high,median_filter,0.8481526770897022,0.5714595532422468,0.23760144274120829,0.3356474109929304,0.2016684524720649,0.034303173390736755,0.7623985572587917,2635,1976,8455,55628
118020,salt_pepper,high,bilateral_filter,0.651308702361196,0.20220400981617817,0.39377817853922453,0.2672010279315936,0.15420197740112995,0.29911117283521976,0.6062218214607755,4367,17230,6723,40374
118020,salt_pepper,high,nlm,0.8128657524674644,0.3347068739464319,0.16113615870153292,0.2175421510743198,0.12204616855620817,0.061662384556628015,0.8388638412984671,1787,3552,9303,54052
122048,gaussian,low,none,0.9474481031822284,0.690953170856195,0.8200817810086325,0.7500000000000001,0.6,0.039007263532557054,0.17991821899136756,5415,2422,1188,59669
122048,gaussian,low,gaussian_blur,0.9411302297143855,0.7785760940561725,0.5415720127214902,0.6387995712754554,0.4692913385826772,0.01637918538918684,0.45842798727850975,3576,1017,3027,61074
122048,gaussian,low,median_filter,0.9275191428654613,0.7012890431333664,0.4284416174466152,0.5319168938610511,0.36232069672131145,0.019406999404100435,0.5715583825533849,2829,1205,3774,60886
122048,gaussian,low,bilateral_filter,0.9348705854950942,0.8321372854914196,0.40390731485688325,0.54384176182708,0.37347710404705226,0.008664701808635713,0.5960926851431168,2667,538,3936,61553
122048,gaussian,low,nlm,0.9587154627769529,0.8447739337360425,0.6989247311827957,0.7649593900215482,0.6193799490001342,0.013657373854503873,0.3010752688172043,4615,848,1988,61243
122048,gaussian,medium,none,0.742408361720092,0.2239147749900438,0.6812055126457671,0.33704244876550155,0.20267651962330466,0.25108308772607946,0.31879448735423294,4498,15590,2105,46501
122048,gaussian,medium,gaussian_blur,0.9324977436166186,0.7032671629445822,0.5150689080720885,0.5946323979368827,0.4231152027867629,0.023111239954260683,0.48493109192791156,3401,1435,3202,60656
122048,gaussian,medium,median_filter,0.9136896963344688,0.5813616610333172,0.36468271997576857,0.4482084690553746,0.28883291351805207,0.027926752669469004,0.6353172800242314,2408,1734,4195,60357
122048,gaussian,medium,bilateral_filter,0.9288293009578711,0.7313714902807775,0.4102680599727397,0.525662171339866,0.3565411950513293,0.01602486672786716,0.5897319400272604,2709,995,3894,61096
122048,gaussian,medium,nlm,0.9301685736745567,0.7587392550143266,0.4010298349235196,0.524720103041712,0.35567494963062457,0.01356074149232578,0.5989701650764804,2648,842,3955,61249
122048,gaussian,high,none,0.6450199435176289,0.14418921082119418,0.5456610631531122,0.22810294071096202,0.1287337430327283,0.3444138441964214,0.45433893684688775,3603,21385,3000,40706
122048,gaussian,high,gaussian_blur,0.8954493842256965,0.45720620842572063,0.4684234438891413,0.46274685816876127,0.301021897810219,0.05913900565299319,0.5315765561108587,3093,3672,3510,58419
122048,gaussian,high,median_filter,0.866058171019303,0.31184820393974505,0.3260639103437831,0.31879766047234764,0.1896248018319535,0.07651672545135366,0.6739360896562169,2153,4751,4450,57340
122048,gaussian,high,bilateral_filter,0.882653506856494,0.40156629759654333,0.45040133272754806,0.4245841958740809,0.26950611690077025,0.07137910486221835,0.5495986672724519,2974,4432,3629,57659
122048,gaussian,high,nlm,0.9162517832707369,0.6431940700808625,0.28911101014690294,0.3989133841813813,0.24915165753067084,0.017055611924433493,0.7108889898530971,1909,1059,4694,61032
122048,salt_pepper,low,none,0.9117244591958541,0.5238179407865665,0.897622292897168,0.6615693715816496,0.49428738220331914,0.08677586123592791,0.10237770710283205,5927,5388,676,56703
122048,salt_pepper,low,gaussian_blur,0.9307945380964858,0.6746646514264122,0.5408147811600788,0.6003698722259584,0.42894894894894897,0.02773348794511282,0.45918521883992125,3571,1722,3032,60369
122048,salt_pepper,low,median_filter,0.9328907910443416,0.7246899661781285,0.4867484476752991,0.5823518753397354,0.41078732106339466,0.019664685703242014,0.5132515523247009,3214,1221,3389,60870
122048,salt_pepper,low,bilateral_filter,0.8832794712784231,0.4015857560161358,0.4372255035589883,0.4186484918793503,0.264740944520862,0.069285403681693,0.5627744964410116,2887,4302,3716,57789
122048,salt_pepper,low,nlm,0.9039799691384983,0.5003584963638226,0.7398152354990156,0.5969693266528168,0.4254855848793659,0.07856211045078997,0.2601847645009844,4885,4878,1718,57213
122048,salt_pepper,medium,none,0.764156986054095,0.2440806313993174,0.6931697713160685,0.3610333267600079,0.2202810665126576,0.22829395564574576,0.30683022868393156,4577,14175,2026,47916
122048,salt_pepper,medium,gaussian_blur,0.8626372026668996,0.35535586643520883,0.5270331667423899,0.4244937789704806,0.2694332610715392,0.10167335040505066,0.4729668332576102,3480,6313,3123,55778
122048,salt_pepper,medium,median_filter,0.928727399772906,0.6939331970006817,0.46251703771013175,0.5550708833151581,0.3841509433962264,0.021693965308981978,0.5374829622898682,3054,1347,3549,60744
122048,salt_pepper,medium,bilateral_filter,0.7725856697819314,0.2039262031383363,0.4703922459488111,0.28451039662911054,0.16584792823579667,0.1952778985682305,0.5296077540511889,3106,12125,3497,49966
122048,salt_pepper,medium,nlm,0.9146359216234314,0.6051807571875889,0.3219748599121611,0.42032423882957687,0.2660826032540676,0.022338181056835934,0.6780251400878389,2126,1387,4477,60704
122048,salt_pepper,high,none,0.6590968643549655,0.1485599632153158,0.5382401938512797,0.23285068466225511,0.1317662761382174,0.3280507642009309,0.46175980614872025,3554,20369,3049,41722
122048,salt_pepper,high,gaussian_blur,0.7365854368649373,0.17511025670021485,0.4690292291382705,0.2550125571246243,0.14614005285013212,0.2349615886360342,0.5309707708617295,3097,14589,3506,47502
122048,salt_pepper,high,median_filter,0.9216525460738929,0.629865985960434,0.44843253066787825,0.5238853503184714,0.35490830636461707,0.0280233850316471,0.5515674693321218,2961,1740,3642,60351
122048,salt_pepper,high,bilateral_filter,0.6635514018691588,0.13486973061441146,0.46175980614872025,0.20876412187606985,0.11654753258667482,0.3149892899131919,0.5382401938512797,3049,19558,3554,42533
122048,salt_pepper,high,nlm,0.7843770926136199,0.19057670561628345,0.3828562774496441,0.2544795651298571,0.14579008073817762,0.17292361211769822,0.6171437225503559,2528,10737,4075,51354
151087,gaussian,low,none,0.9109820362768218,0.6622023809523809,0.770288158028714,0.712167568839727,0.5529970760233918,0.06554787423776604,0.22971184197128602,7565,3859,2256,55014
151087,gaussian,low,gaussian_blur,0.8893061985035083,0.7533714285714286,0.33560737195804907,0.464356156663849,0.3023853211009174,0.018327586499753707,0.6643926280419509,3296,1079,6525,57794
151087,gaussian,low,median_filter,0.8715171630710106,0.6466254052460949,0.22339883922207515,0.3320720448009687,0.19909255898366607,0.020365872301394528,0.7766011607779248,2194,1199,7627,57674
151087,gaussian,low,bilateral_filter,0.8775584476082336,0.8216240875912408,0.18338254760207717,0.29984183800882375,0.1763611437524481,0.006641414570346339,0.8166174523979228,1801,391,8020,58482
151087,gaussian,low,nlm,0.9083034908434506,0.8311395261376457,0.450056002443743,0.5839223198361847,0.4123518984979942,0.015253172082278804,0.549943997556257,4420,898,5401,57975
151087,gaussian,medium,none,0.6881678166943256,0.25671140939597314,0.6231544649221057,0.36362556073794594,0.22221415344395629,0.3009868700422944,0.3768455350778943,6120,17720,3701,41153
151087,gaussian,medium,gaussian_blur,0.8816781669432556,0.6527151362078297,0.3683942572039507,0.4709711012757094,0.30801975140473353,0.03269750140132149,0.6316057427960493,3618,1925,6203,56948
151087,gaussian,medium,median_filter,0.8579060762220864,0.5076647930505876,0.20232155584970982,0.28933381871132147,0.1691351719441607,0.032731472831348835,0.7976784441502902,1987,1927,7834,56946
151087,gaussian,medium,bilateral_filter,0.8747925583020351,0.7079072937968643,0.2114855920985643,0.32567620540964326,0.19451208091402886,0.01455675776671819,0.7885144079014357,2077,857,7744,58016
151087,gaussian,medium,nlm,0.8670189536204035,0.702002355712603,0.12137256898482843,0.20696240993141765,0.11542558342209741,0.00859477179691879,0.8786274310151716,1192,506,8629,58367
151087,gaussian,high,none,0.6272163507729933,0.19174444487835357,0.49994908868750637,0.2771818900304844,0.1608886558752212,0.35155334363800045,0.5000509113124937,4910,20697,4911,38176
151087,gaussian,high,gaussian_blur,0.8029231082772876,0.3388816644993498,0.39802464107524693,0.3660797902228881,0.22404997993924458,0.12953306269427411,0.6019753589247531,3909,7626,5912,51247
151087,gaussian,high,median_filter,0.8041022505604565,0.2769872423945044,0.22991548722126057,0.2512657875702442,0.14368437798281897,0.10011380429059161,0.7700845127787395,2258,5894,7563,52979
151087,gaussian,high,bilateral_filter,0.766981104608845,0.28349433011339775,0.4123816311984523,0.33600199112291035,0.20192451513187415,0.17386577887996196,0.5876183688015477,4050,10236,5771,48637
151087,gaussian,high,nlm,0.8633068390252424,0.6199220923761826,0.1134304042358212,0.19177138922361853,0.10605483625285606,0.011601243354339002,0.8865695957641788,1114,683,8707,58190
151087,salt_pepper,low,none,0.8834978309604915,0.5596926713947991,0.8678342327665207,0.6805062078326479,0.5157327847028924,0.11388921916668082,0.13216576723347928,8523,6705,1298,52168
151087,salt_pepper,low,gaussian_blur,0.8857105424054502,0.6944334780892223,0.3582119947052235,0.4726271243366696,0.3094379452898232,0.02629388684116658,0.6417880052947765,3518,1548,6303,57325
151087,salt_pepper,low,median_filter,0.875840684775963,0.6822799097065463,0.24620710721922412,0.3618406285072952,0.22088243354343656,0.019125915105396362,0.7537928927807759,2418,1126,7403,57747
151087,salt_pepper,low,bilateral_filter,0.8694936966838442,0.6318545902649415,0.20883820384889523,0.3139205632509375,0.1861837327523602,0.020297929441339832,0.7911617961511048,2051,1195,7770,57678
151087,salt_pepper,low,nlm,0.888840364515096,0.6259075717413852,0.5529986763058752,0.5871986160666017,0.415627152368562,0.055135630934384186,0.4470013236941248,5431,3246,4390,55627
151087,salt_pepper,medium,none,0.6978484292660203,0.26723147004981057,0.6391406170451074,0.3768838186730712,0.2321976843117671,0.2923581268153483,0.36085938295489256,6277,17212,3544,41661
151087,salt_pepper,medium,gaussian_blur,0.8471045506157743,0.45665988815455005,0.3658486915792689,0.4062411668268415,0.2548950056753689,0.07261393168345422,0.6341513084207311,3593,4275,6228,54598
151087,salt_pepper,medium,median_filter,0.8733804990246601,0.6527891156462585,0.24427247734446594,0.35551274451689396,0.21618455438406778,0.021673772357447385,0.7557275226555341,2399,1276,7422,57597
151087,salt_pepper,medium,bilateral_filter,0.816650653623315,0.33773982218062704,0.29396191833825475,0.31433393216832706,0.18647461568272833,0.0961561326924057,0.7060380816617452,2887,5661,6934,53212
151087,salt_pepper,medium,nlm,0.8624188429848313,0.6032366071428571,0.11007025761124122,0.18617067079996555,0.10263957462969996,0.01207684337472186,0.8899297423887588,1081,711,8740,58162
151087,salt_pepper,high,none,0.6169971176521967,0.1841308762116394,0.48935953568883006,0.26757975613829965,0.15445430003856536,0.3617108012161772,0.5106404643111699,4806,21295,5015,37578
151087,salt_pepper,high,gaussian_blur,0.745887559321047,0.24879910508653025,0.3849913450768761,0.3022623710928132,0.1780383293308848,0.19390892259609668,0.615008654923124,3781,11416,6040,47457
151087,salt_pepper,high,median_filter,0.8676885899787463,0.5948678071539658,0.23368292434578963,0.33555084435996785,0.20159873506676038,0.02654867256637168,0.7663170756542104,2295,1563,7526,57310
151087,salt_pepper,high,bilateral_filter,0.6777884531400122,0.19301919720767888,0.3941553813257306,0.25913776944704775,0.14885598923283982,0.27489681178129194,0.6058446186742694,3871,16184,5950,42689
151087,salt_pepper,high,nlm,0.8413252976970332,0.36786676463384765,0.15293758273088282,0.21605293440736478,0.12110949846798903,0.0438401304502913,0.8470624172691172,1502,2581,8319,56292
156079,gaussian,low,none,0.9510728739045623,0.6068931068931069,0.7847147470398278,0.6844427753262605,0.5202683414216386,0.036862402223297785,0.21528525296017223,3645,2361,1000,61688
156079,gaussian,low,gaussian_blur,0.951626051765802,0.7656752411575563,0.4101184068891281,0.5341371092107108,0.3643840856924254,0.009102405970428891,0.589881593110872,1905,583,2740,63466
156079,gaussian,low,median_filter,0.9444638541939616,0.7064676616915423,0.30570505920344454,0.42674680691209615,0.271251193887297,0.009211697294259084,0.6942949407965554,1420,590,3225,63459
156079,gaussian,low,bilateral_filter,0.9486126881532594,0.8216964800923254,0.30656620021528525,0.44653496393853875,0.2874444893015745,0.0048244312947899265,0.6934337997847148,1424,309,3221,63740
156079,gaussian,low,nlm,0.959341427198882,0.834054834054834,0.4977395048439182,0.6234326547121477,0.45288932419196865,0.007182001280269794,0.5022604951560818,2312,460,2333,63589
156079,gaussian,medium,none,0.6988965557399481,0.13382950550203188,0.6310010764262648,0.220824229639117,0.12411602794833793,0.2961794875798217,0.3689989235737352,2931,18970,1714,45079
156079,gaussian,medium,gaussian_blur,0.9457594549742335,0.6648726228919986,0.39892357373519916,0.49865446716899897,0.33213837605305613,0.014582585208199971,0.6010764262648008,1853,934,2792,63115
156079,gaussian,medium,median_filter,0.9355693364777128,0.550953932061424,0.2548977395048439,0.3485428319105093,0.2110516934046346,0.01506658964230511,0.745102260495156,1184,965,3461,63084
156079,gaussian,medium,bilateral_filter,0.9445220834425132,0.7080838323353293,0.3054897739504844,0.4268311024214168,0.27131931166347995,0.009133632062951803,0.6945102260495156,1419,585,3226,63464
156079,gaussian,medium,nlm,0.9435030715928611,0.7284688995215312,0.26221743810548975,0.38562608833306944,0.2388703667385762,0.007088323002701057,0.7377825618945102,1218,454,3427,63595
156079,gaussian,high,none,0.6336652400500772,0.09359898597797671,0.5087190527448869,0.15810779164296945,0.08583987213019471,0.3572733376008993,0.491280947255113,2363,22883,2282,41166
156079,gaussian,high,gaussian_blur,0.917911316854456,0.38999557326250556,0.37933261571582344,0.38459019971625014,0.23807593568436697,0.04302955549657294,0.6206673842841766,1762,2756,2883,61293
156079,gaussian,high,median_filter,0.8863510641395173,0.2214587737843552,0.27061356297093647,0.2435810483480283,0.13868049426301854,0.06899405142937438,0.7293864370290635,1257,4419,3388,59630
156079,gaussian,high,bilateral_filter,0.9127580283576441,0.36154478225143794,0.3789020452099031,0.3700199726689793,0.22700889978073005,0.04852534778060547,0.6210979547900969,1760,3108,2885,60941
156079,gaussian,high,nlm,0.935918711969022,0.5863539445628998,0.17761033369214208,0.2726371447455387,0.15783432179070211,0.009086792924167435,0.8223896663078579,825,582,3820,63467
156079,salt_pepper,low,none,0.9165283722013567,0.44126847157803906,0.8807319698600646,0.5879563092842771,0.4163867684478372,0.08087557963434246,0.11926803013993541,4091,5180,554,58869
156079,salt_pepper,low,gaussian_blur,0.9447550004367193,0.6498589562764457,0.3967707212055974,0.4927148776901484,0.3268889677190493,0.01550375493762588,0.6032292787944026,1843,993,2802,63056
156079,salt_pepper,low,median_filter,0.9456721111014063,0.7162482235907153,0.3255113024757804,0.4476021314387212,0.28832951945080093,0.009352214710612188,0.6744886975242196,1512,599,3133,63450
156079,salt_pepper,low,bilateral_filter,0.888185285468891,0.2528492347769456,0.33433799784714746,0.2879391860572912,0.16818280268572666,0.07164826929382191,0.6656620021528525,1553,4589,3092,59460
156079,salt_pepper,low,nlm,0.9011849652080239,0.3593647460296627,0.5894510226049515,0.44651011089367254,0.2874238925047239,0.07620727880216709,0.4105489773950484,2738,4881,1907,59168
156079,salt_pepper,medium,none,0.7626866975281684,0.17422167570286737,0.6710441334768569,0.2766240681576145,0.16051289973737062,0.23066714546675202,0.3289558665231432,3117,14774,1528,49275
156079,salt_pepper,medium,gaussian_blur,0.8791888665676769,0.2619233776387803,0.4327233584499462,0.3263251887328517,0.19497526433213697,0.0884322940248872,0.5672766415500539,2010,5664,2635,58385
156079,salt_pepper,medium,median_filter,0.9443182810725828,0.6923076923076923,0.3177610333692142,0.43559096945551123,0.27843803056027167,0.010242158347515185,0.6822389666307858,1476,656,3169,63393
156079,salt_pepper,medium,bilateral_filter,0.7603866422103823,0.11904301283291417,0.3974165769644779,0.18320762207225091,0.10084125423358462,0.2132898249777514,0.602583423035522,1846,13661,2799,50388
156079,salt_pepper,medium,nlm,0.9355984511019886,0.5649617871840094,0.2068891280947255,0.3028679483138985,0.17845868152274838,0.011553654233477494,0.7931108719052745,961,740,3684,63309
156079,salt_pepper,high,none,0.6508137537485079,0.09944499668654738,0.5168998923573735,0.1667998193754559,0.09098832802789146,0.3394744648628394,0.48310010764262645,2401,21743,2244,42306
156079,salt_pepper,high,gaussian_blur,0.740093749090168,0.11759597012332812,0.43724434876210977,0.1853440408833729,0.10213728941413125,0.23794282502459055,0.5627556512378902,2031,15240,2614,48809
156079,salt_pepper,high,median_filter,0.9418726526334178,0.6459265890778872,0.31065662002152855,0.4195377235063237,0.2654525386313466,0.012349919592811754,0.6893433799784715,1443,791,3202,63258
156079,salt_pepper,high,bilateral_filter,0.6639007773604682,0.09053772034989566,0.4389666307857912,0.1501141132297725,0.08114776933179449,0.31978641352714327,0.5610333692142089,2039,20482,2606,43567
156079,salt_pepper,high,nlm,0.8276996535359711,0.13663466397170287,0.29106566200215284,0.1859697386519945,0.10251744009705793,0.13338225421161923,0.7089343379978471,1352,8543,3293,55506
159045,gaussian,low,none,0.8396366494890384,0.6269228749934372,0.7533278657497949,0.6843372113015072,0.5201463605871848,0.134473818670401,0.24667213425020504,11941,7106,3910,45737
159045,gaussian,low,gaussian_blur,0.812283459981949,0.7316614420062696,0.29449246104346727,0.41995411812334127,0.26578602744405855,0.03239785780519652,0.7055075389565327,4668,1712,11183,51131
159045,gaussian,low,median_filter,0.7814947448103182,0.5861150931804219,0.1805564317708662,0.2760682936239992,0.16013876454789616,0.038245368355316695,0.8194435682291338,2862,2021,12989,50822
159045,gaussian,low,bilateral_filter,0.7905202783358081,0.7793499043977056,0.12857232982146236,0.22072999025235568,0.12405648892135379,0.010919137823363548,0.8714276701785376,2038,577,13813,52266
159045,gaussian,low,nlm,0.8331295309634029,0.8130707762557078,0.35947258848022207,0.4985344940723566,0.3320319328710448,0.024790416895331454,0.6405274115197779,5698,1310,10153,51533
159045,gaussian,medium,none,0.6825486942091012,0.3795307443365696,0.5918869471957605,0.462497843287077,0.3008111834300555,0.29025604148136935,0.4081130528042395,9382,15338,6469,37505
159045,gaussian,medium,gaussian_blur,0.7969691676128919,0.616069251402097,0.3187811494542931,0.4201554899596724,0.26594736842105265,0.05959162046060973,0.6812188505457069,5053,3149,10798,49694
159045,gaussian,medium,median_filter,0.763763938626372,0.4661762067109277,0.16390133114629993,0.24253174010455564,0.1380006374163391,0.0562988475294741,0.8360986688537001,2598,2975,13253,49868
159045,gaussian,medium,bilateral_filter,0.7892829068040877,0.6891148982957669,0.1581603684310138,0.2572733336754066,0.1476268990696031,0.021403024052381585,0.8418396315689862,2507,1131,13344,51712
159045,gaussian,medium,nlm,0.7777389582787434,0.6881859264041317,0.0672512775219229,0.1225287356321839,0.06526264234112894,0.009140283481255795,0.932748722478077,1066,483,14785,52360
159045,gaussian,high,none,0.6094127580283576,0.28860223334616864,0.4728408302315311,0.35843236651443056,0.21834760822699995,0.3496205741536249,0.5271591697684689,7495,18475,8356,34368
159045,gaussian,high,gaussian_blur,0.7338195475587388,0.40987855450236965,0.3491893255945997,0.3771078180889116,0.232367758186398,0.1508052154495392,0.6508106744054003,5535,7969,10316,44874
159045,gaussian,high,median_filter,0.7049960695257228,0.3003798842257598,0.2095135953567598,0.2468502620136024,0.1408038667005851,0.14637700357663266,0.7904864046432402,3321,7735,12530,45108
159045,gaussian,high,bilateral_filter,0.7180248638891316,0.380460629118826,0.3532900132483755,0.3663722603859993,0.22426912294753704,0.1725677951668149,0.6467099867516245,5600,9119,10251,43724
159045,gaussian,high,nlm,0.7712755116895217,0.5581589958158996,0.042079364077976154,0.0782588290508037,0.04072287685450882,0.009991862687583975,0.9579206359220238,667,528,15184,52315
159045,salt_pepper,low,none,0.883177570093458,0.7001739308369143,0.8634786448804492,0.7732986807536937,0.6303887251289609,0.11091346062865469,0.13652135511955082,13687,5861,2164,46982
159045,salt_pepper,low,gaussian_blur,0.8027193059073573,0.6510314019182761,0.3125985742224465,0.4223851334072116,0.2677365321229805,0.05026209715572545,0.6874014257775535,4955,2656,10896,50187
159045,salt_pepper,low,median_filter,0.7871575392319562,0.6129684055841293,0.21052299539461233,0.31340690302888,0.18582247466310278,0.03987283083852166,0.7894770046053877,3337,2107,12514,50736
159045,salt_pepper,low,bilateral_filter,0.7690336856202871,0.49853715623171446,0.16125165604693711,0.2436838592811517,0.13874715014656389,0.048653558654883335,0.8387483439530629,2556,2571,13295,50272
159045,salt_pepper,low,nlm,0.8071447287972748,0.619370815371916,0.4260299034761214,0.5048217089033415,0.33763311834408277,0.07853452680582101,0.5739700965238786,6753,4150,9098,48693
159045,salt_pepper,medium,none,0.7054619035141352,0.4098724804607158,0.6286038735726452,0.4962027837952242,0.329966552968838,0.2714834509774237,0.37139612642735476,9964,14346,5887,38497
159045,salt_pepper,medium,gaussian_blur,0.7549858794072263,0.4587611513213264,0.34388997539587407,0.3931056863664226,0.24463692666726505,0.12170013057547831,0.6561100246041259,5451,6431,10400,46412
159045,salt_pepper,medium,median_filter,0.7845663376714124,0.5933617323393682,0.21090152040880702,0.31119385617872936,0.18426854812038365,0.04335484359328577,0.789098479591193,3343,2291,12508,50552
159045,salt_pepper,medium,bilateral_filter,0.7039479430517949,0.32617792932424056,0.26553529745757365,0.2927490871152843,0.17147396724517233,0.16454402664496717,0.7344647025424264,4209,8695,11642,44148
159045,salt_pepper,medium,nlm,0.7724983259091042,0.617989417989418,0.036843101381616304,0.06954036675398906,0.036022699235134466,0.006831557632988286,0.9631568986183837,584,361,15267,52482
159045,salt_pepper,high,none,0.6107083588086296,0.2913041811980225,0.47952810548230396,0.3624356284569903,0.2213260344174941,0.34994228185379334,0.520471894517696,7601,18492,8250,34351
159045,salt_pepper,high,gaussian_blur,0.6741782397298163,0.32324763193504735,0.37675856412844616,0.34795781623259336,0.21062283981096142,0.23660655148269402,0.6232414358715539,5972,12503,9879,40340
159045,salt_pepper,high,median_filter,0.7780737764579148,0.5505674232309746,0.20812567030471263,0.3020647346976148,0.17790120793787748,0.050962284503150844,0.7918743296952874,3299,2693,12552,50150
159045,salt_pepper,high,bilateral_filter,0.6213060820450113,0.26926395132361625,0.37410888902908335,0.3131435813486825,0.1856373653894315,0.3045436481653199,0.6258911109709167,5930,16093,9921,36750
159045,salt_pepper,high,nlm,0.7322910297842606,0.30424055512721665,0.12447164216768658,0.17666547277936964,0.09689142071404017,0.08538500842117215,0.8755283578323134,1973,4512,13878,48331
183055,gaussian,low,none,0.9507380557253908,0.5660241397946316,0.7631770706825358,0.6499793131981796,0.48145878026356115,0.03730430338975177,0.23682292931746418,3142,2409,975,62168
183055,gaussian,low,gaussian_blur,0.9507380557253908,0.7324032974001268,0.2805440854991499,0.40569020021074814,0.25446133509583607,0.006534834383758924,0.7194559145008501,1155,422,2962,64155
183055,gaussian,low,median_filter,0.9444347395696858,0.6358695652173914,0.1705125091085742,0.26891400114920516,0.15534410267758353,0.006225126593059448,0.8294874908914258,702,402,3415,64175
183055,gaussian,low,bilateral_filter,0.9440125775176871,0.8173302107728337,0.08477046393004616,0.15360915492957747,0.0831942789034565,0.0012078603837279527,0.9152295360699538,349,78,3768,64499
183055,gaussian,low,nlm,0.9576818936151629,0.8201058201058201,0.37648773378673794,0.5160645913101382,0.3477675566524568,0.005265032441891076,0.6235122662132621,1550,340,2567,64237
183055,gaussian,medium,none,0.6740472239205753,0.10445887445887446,0.5861063881467088,0.17731564830804275,0.09728269633930012,0.320346253310002,0.4138936118532912,2413,20687,1704,43890
183055,gaussian,medium,gaussian_blur,0.9448569016216846,0.5856324830817282,0.2732572261355356,0.37263994700231867,0.22898432729493182,0.012326370069839106,0.7267427738644644,1125,796,2992,63781
183055,gaussian,medium,median_filter,0.9387282732116342,0.46266233766233766,0.13845032790867137,0.21312394840157037,0.11927181418706842,0.010251327872152624,0.8615496720913286,570,662,3547,63915
183055,gaussian,medium,bilateral_filter,0.944158150639066,0.6798975672215108,0.1289774107359728,0.21682319314005719,0.12159377146782688,0.003871347383743438,0.8710225892640272,531,250,3586,64327
183055,gaussian,medium,nlm,0.9421055696276239,0.7243589743589743,0.05489434053922759,0.10205463987356063,0.05377111586961694,0.0013317435000077427,0.9451056594607724,226,86,3891,64491
183055,gaussian,high,none,0.6258770780563077,0.07618898008875623,0.4712169055137236,0.13116970926301555,0.07018813314037627,0.3642628180311876,0.5287830944862764,1940,23523,2177,41054
183055,gaussian,high,gaussian_blur,0.8365650566279442,0.1459163346613546,0.35584163225649745,0.20696475241929788,0.11542704065553104,0.13278721526239992,0.6441583677435025,1465,8575,2652,56002
183055,gaussian,high,median_filter,0.8858997874632428,0.1541178657743075,0.20136021374787466,0.17459983150800337,0.09565016730125764,0.07045852238413057,0.7986397862521253,829,4550,3288,60027
183055,gaussian,high,bilateral_filter,0.8145980726118729,0.13617560151962854,0.3917901384503279,0.2021049993735121,0.11241201477454875,0.15844650572185143,0.608209861549672,1613,10232,2504,54345
183055,gaussian,high,nlm,0.9412758028357644,0.6195965417867435,0.05222249210590236,0.09632616487455196,0.0506001412096964,0.0020440714186165353,0.9477775078940976,215,132,3902,64445
183055,salt_pepper,low,none,0.873264040527557,0.2996594778660613,0.8336167111974739,0.44084778420038534,0.28274839347503705,0.12420830946002447,0.16638328880252612,3432,8021,685,56556
183055,salt_pepper,low,gaussian_blur,0.948146854164847,0.6583000570450656,0.28030119018702937,0.39318568994889264,0.2446988973706531,0.009275748331449278,0.7196988098129706,1154,599,2963,63978
183055,salt_pepper,low,median_filter,0.9457448976620957,0.6359832635983264,0.22152052465387417,0.32858944334354173,0.1965940935546454,0.008083373337256299,0.7784794753461258,912,522,3205,64055
183055,salt_pepper,low,bilateral_filter,0.9403295775468018,0.509719222462203,0.1146465873208647,0.18719016458457266,0.10325968059505579,0.007030366848878084,0.8853534126791353,472,454,3645,64123
183055,salt_pepper,low,nlm,0.9344629807552334,0.45905126568815147,0.5241680835559873,0.4894533907915627,0.324024024024024,0.039379345587438254,0.4758319164440126,2158,2543,1959,62034
183055,salt_pepper,medium,none,0.6803796547005561,0.10863937519196173,0.6014087928102988,0.18403448788464397,0.10134250163719712,0.3145856884029918,0.39859120718970126,2476,20315,1641,44262
183055,salt_pepper,medium,gaussian_blur,0.9126706844848167,0.29282254513430206,0.3230507651202332,0.30719482619240096,0.18147086914995225,0.04973907118633569,0.6769492348797668,1330,3212,2787,61365
183055,salt_pepper,medium,median_filter,0.9446385419396163,0.6053691275167785,0.21909157153266942,0.32174068129124306,0.19171094580233794,0.009105409046564567,0.7809084284673306,902,588,3215,63989
183055,salt_pepper,medium,bilateral_filter,0.8847643171164876,0.17039736248481693,0.2385231965023075,0.19878542510121458,0.1103618790739492,0.0740356473667095,0.7614768034976925,982,4781,3135,59796
183055,salt_pepper,medium,nlm,0.9412903601479022,0.6858407079646017,0.03764877337867379,0.07137923094635044,0.037010506208213945,0.0010994626569831363,0.9623512266213262,155,71,3962,64506
183055,salt_pepper,high,none,0.6156578449355111,0.07221561024302223,0.4568860820986155,0.1247182071343323,0.06650638192553832,0.3742199235021757,0.5431139179013845,1881,24166,2236,40411
183055,salt_pepper,high,gaussian_blur,0.7829795906483826,0.10306775546237033,0.340296332280787,0.15821569734613214,0.08590348887117542,0.18879786921039998,0.6597036677192131,1401,12192,2716,52385
183055,salt_pepper,high,median_filter,0.9428916644830698,0.5686968838526912,0.19504493563274228,0.2904684391390848,0.16991112991959373,0.009430602226799015,0.8049550643672577,803,609,3314,63968
183055,salt_pepper,high,bilateral_filter,0.714370978542522,0.08029236599891716,0.36021374787466603,0.13131447292690485,0.0702710386656558,0.26305031203059914,0.639786252125334,1483,16987,2634,47590
183055,salt_pepper,high,nlm,0.934506652691647,0.2773892773892774,0.0578090842846733,0.09567839195979899,0.05024276968545493,0.009600941511683727,0.9421909157153266,238,620,3879,63957
188005,gaussian,low,none,0.912495996739162,0.5079066681411036,0.7463438414039649,0.6044614068566164,0.4331384383251603,0.07115446114486729,0.2536561585960351,4593,4450,1561,58090
188005,gaussian,low,gaussian_blur,0.926019739715259,0.771255060728745,0.24764380890477738,0.3749077490774908,0.23069936421435058,0.007227374480332587,0.7523561910952227,1524,452,4630,62088
188005,gaussian,low,median_filter,0.9191341310740385,0.6679753224901851,0.19353266168345792,0.3001133929696359,0.1765490661132523,0.00946594179724976,0.806467338316542,1191,592,4963,61948
188005,gaussian,low,bilateral_filter,0.9166885026348734,0.8030942334739803,0.09278518037049074,0.1663510560815732,0.09072132189386717,0.002238567316917173,0.9072148196295092,571,140,5583,62400
188005,gaussian,low,nlm,0.9311002416513815,0.7969076473046385,0.3098797530061748,0.4462384462384462,0.2871987951807229,0.007771026543012472,0.6901202469938251,1907,486,4247,62054
188005,gaussian,medium,none,0.6709028444987918,0.15107944182890104,0.5788105297367566,0.23961521644075204,0.13611525086934922,0.3200351774864087,0.42118947026324344,3562,20015,2592,42525
188005,gaussian,medium,gaussian_blur,0.9188429848312808,0.6003466204506066,0.28144296392590185,0.38322823321163846,0.23703298207198575,0.01843620083146786,0.7185570360740982,1732,1153,4422,61387
188005,gaussian,medium,median_filter,0.9070806766238682,0.44830699774266364,0.16135846603834905,0.2373043374357749,0.13462581344902386,0.01953949472337704,0.838641533961651,993,1222,5161,61318
188005,gaussian,medium,bilateral_filter,0.9162226686464611,0.6501128668171557,0.1403964900877478,0.2309234264332487,0.13053331318930353,0.007435241445474896,0.8596035099122522,864,465,5290,62075
188005,gaussian,medium,nlm,0.912889044166885,0.660377358490566,0.05687357816054599,0.10472770795930582,0.055257341332491314,0.002878157978893508,0.943126421839454,350,180,5804,62360
188005,gaussian,high,none,0.6204763152531516,0.10921006160970058,0.4522261943451414,0.17593324272212915,0.09645109863450475,0.3629677006715702,0.5477738056548587,2783,22700,3371,39840
188005,gaussian,high,gaussian_blur,0.8346580487378811,0.22147291800470992,0.33620409489762754,0.26703665462054726,0.154092500186192,0.11629357211384714,0.6637959051023724,2069,7273,4085,55267
188005,gaussian,high,median_filter,0.8504527324074883,0.17855470579054158,0.1858953526161846,0.18215110261921819,0.1002014539721468,0.08415414134953629,0.8141046473838154,1144,5263,5010,57277
188005,gaussian,high,bilateral_filter,0.8173785192302093,0.19569564803352063,0.33392915177120575,0.2467727409186431,0.14075342465753424,0.13504956827630316,0.6660708482287943,2055,8446,4099,54094
188005,gaussian,high,nlm,0.911855475005095,0.605543710021322,0.04614884627884303,0.08576173939302431,0.044802019245937845,0.00295810681164055,0.9538511537211569,284,185,5870,62355
188005,salt_pepper,low,none,0.8794800128104346,0.415047573358919,0.8435164120896977,0.5563474626225818,0.38537490720118783,0.1169811320754717,0.15648358791030223,5191,7316,963,55224
188005,salt_pepper,low,gaussian_blur,0.9218563484438234,0.6522075910147173,0.273643158921027,0.38553113553113555,0.2387975042541123,0.014358810361368725,0.726356841078973,1684,898,4470,61642
188005,salt_pepper,low,median_filter,0.9238798148309896,0.7015250544662309,0.26161845953851154,0.3811101905550953,0.23541453428863868,0.01095299008634474,0.7383815404614885,1610,685,4544,61855
188005,salt_pepper,low,bilateral_filter,0.8965120680117623,0.3096851335193304,0.12625934351641208,0.1793835853630382,0.09852903880294192,0.02769427566357531,0.8737406564835879,777,1732,5377,60808
188005,salt_pepper,low,nlm,0.8927562814801875,0.41149861374580476,0.4582385440363991,0.433612670100715,0.27682340237557673,0.064486728493764,0.5417614559636009,2820,4033,3334,58507
188005,salt_pepper,medium,none,0.6962471249308527,0.16983842010771993,0.6148846278843029,0.2661602307097137,0.15350912778904666,0.29574672209785735,0.38511537211569713,3784,18496,2370,44044
188005,salt_pepper,medium,gaussian_blur,0.8688095030133636,0.28309046751669703,0.30305492362690933,0.292732695024329,0.17146271949986208,0.07551966741285578,0.6969450763730907,1865,4723,4289,57817
188005,salt_pepper,medium,median_filter,0.9223804116807872,0.6676182707993474,0.26600584985375364,0.38043225656518703,0.23489740278375665,0.013031659737767829,0.7339941501462464,1637,815,4517,61725
188005,salt_pepper,medium,bilateral_filter,0.814336040993391,0.15108902516388242,0.23220669483262918,0.1830643095055086,0.10075442431079461,0.12838183562519986,0.7677933051673708,1429,8029,4725,54511
188005,salt_pepper,medium,nlm,0.9100940402364107,0.4733009708737864,0.03168670783230419,0.05939689308559245,0.030607439962329303,0.0034697793412216183,0.9683132921676958,195,217,5959,62323
188005,salt_pepper,high,none,0.6148280781436516,0.10959430878677177,0.4631134221644459,0.17724431729842346,0.0972397557064383,0.370243044451551,0.5368865778355542,2850,23155,3304,39385
188005,salt_pepper,high,gaussian_blur,0.740603255014994,0.1360828601734573,0.35440363990900225,0.19665479464406477,0.10905,0.2213943076431084,0.6455963600909977,2181,13846,3973,48694
188005,salt_pepper,high,median_filter,0.9193816053803826,0.6190108191653787,0.2603184920376991,0.366506520247083,0.22436974789915967,0.01576590981771666,0.7396815079623009,1602,986,4552,61554
188005,salt_pepper,high,bilateral_filter,0.6723876903368562,0.10666345922540293,0.3602534936626584,0.16459408292809682,0.08967721058166815,0.2968979852894148,0.6397465063373415,2217,18568,3937,43972
188005,salt_pepper,high,nlm,0.8714152618860453,0.13190436933223412,0.07799805004874878,0.09802920453385071,0.05154085686674541,0.05051167252958107,0.9220019499512512,480,3159,5674,59381
239007,gaussian,low,none,0.9095408623751711,0.5802587446094873,0.7675244010647737,0.6608819035145166,0.4935202542994539,0.07203354987254337,0.23247559893522626,6055,4380,1834,56425
239007,gaussian,low,gaussian_blur,0.907866771479314,0.755570117955439,0.29230574217264543,0.4215336806507632,0.26705269253039954,0.012268727900666064,0.7076942578273545,2306,746,5583,60059
239007,gaussian,low,median_filter,0.898739336768859,0.6688382193268186,0.23425022182786157,0.34697709350356737,0.20990458882326216,0.01504810459666146,0.7657497781721384,1848,915,6041,59890
239007,gaussian,low,bilateral_filter,0.9023786648033307,0.79768495218923,0.20091266320192674,0.32098015390846496,0.1911711494391509,0.006611298412959461,0.7990873367980733,1585,402,6304,60403
239007,gaussian,low,nlm,0.9228753602934754,0.8312452058297111,0.41209278742552924,0.5510169491525424,0.3802783951339338,0.010854370528739414,0.5879072125744708,3251,660,4638,60145
239007,gaussian,medium,none,0.6977028561446414,0.21431423880729467,0.6122448979591837,0.3174916190100572,0.18870135958743553,0.29120960447331634,0.3877551020408163,4830,17707,3059,43098
239007,gaussian,medium,gaussian_blur,0.8982880600925846,0.6139464375947449,0.30802383065027256,0.4102304380855913,0.25804396304555594,0.025129512375627005,0.6919761693497275,2430,1528,5459,59277
239007,gaussian,medium,median_filter,0.8828864238507002,0.4747245625405055,0.18570160983648118,0.2669703872437358,0.15404837013669823,0.026658991859222103,0.8142983901635188,1465,1621,6424,59184
239007,gaussian,medium,bilateral_filter,0.8977785541677584,0.6761479073547338,0.21092660666751173,0.3215458937198068,0.19157264563665669,0.013107474714250472,0.7890733933324883,1664,797,6225,60008
239007,gaussian,medium,nlm,0.8943139138789414,0.6814772071552222,0.14970211687159335,0.24547911037206402,0.13991233266200687,0.009078200805854782,0.8502978831284066,1181,552,6708,60253
239007,gaussian,high,none,0.6296328645878825,0.15518799355675167,0.5006971732792496,0.23693839601703556,0.1343903102885139,0.3536386810295206,0.49930282672075044,3950,21503,3939,39302
239007,gaussian,high,gaussian_blur,0.8442658747488864,0.3439617820242195,0.3924451768284954,0.36660746003552397,0.22444541104828186,0.09711372420031247,0.6075548231715047,3096,5905,4793,54900
239007,gaussian,high,median_filter,0.8199988354150289,0.22136454183266932,0.225377107364685,0.2233528044720809,0.12571590185957718,0.10285338376778226,0.774622892635315,1778,6254,6111,54551
239007,gaussian,high,bilateral_filter,0.8265932978134917,0.3074198180947822,0.40702243630371404,0.35027817170284714,0.212325596773127,0.11897047940136501,0.592977563696286,3211,7234,4678,53571
239007,gaussian,high,nlm,0.8891169534457157,0.5779816513761468,0.12777284826974267,0.20928059794456555,0.11686956521739131,0.012104267741139709,0.8722271517302573,1008,736,6881,60069
239007,salt_pepper,low,none,0.8945177162488718,0.5247517129879129,0.8639878311573076,0.6529361049908995,0.484710567486844,0.10152125647561878,0.13601216884269235,6816,6173,1073,54632
239007,salt_pepper,low,gaussian_blur,0.9031938742830524,0.6557706814181544,0.3305868931423501,0.43957525703691225,0.281702311514366,0.022514595839157964,0.6694131068576499,2608,1369,5281,59436
239007,salt_pepper,low,median_filter,0.9038926252656709,0.7053941908713693,0.280136899480289,0.4010161495191436,0.2507943713118475,0.015179672724282542,0.719863100519711,2210,923,5679,59882
239007,salt_pepper,low,bilateral_filter,0.8697266136780505,0.3859724612736661,0.22740524781341107,0.28619286910744196,0.16699246020664618,0.04693692952882164,0.7725947521865889,1794,2854,6095,57951
239007,salt_pepper,low,nlm,0.8800331906716744,0.4789925996657914,0.5086829762961085,0.4933915288621135,0.3274849028888526,0.07178685963325385,0.4913170237038915,4013,4365,3876,56440
239007,salt_pepper,medium,none,0.7156956939470697,0.23168764117457244,0.637089618456078,0.3398012304779934,0.20467502850627137,0.27410574788257547,0.3629103815439219,5026,16667,2863,44138
239007,salt_pepper,medium,gaussian_blur,0.845212100037849,0.3368220742150333,0.35898085942451513,0.3475486285819476,0.21032305978462681,0.0917029849518954,0.6410191405754848,2832,5576,5057,55229
239007,salt_pepper,medium,median_filter,0.900413427664716,0.664572864321608,0.26822157434402333,0.382190914837894,0.23623981243719996,0.017564345037414688,0.7317784256559767,2116,1068,5773,59737
239007,salt_pepper,medium,bilateral_filter,0.7617841441756195,0.18308279111509984,0.3103054886550894,0.23029162746942616,0.13012970444397193,0.1796398322506373,0.6896945113449107,2448,10923,5441,49882
239007,salt_pepper,medium,nlm,0.8870934870585495,0.5416405760801503,0.1096463430092534,0.18237402487876872,0.10033638789003596,0.012038483677329168,0.8903536569907466,865,732,7024,60073
239007,salt_pepper,high,none,0.6251055405129997,0.151936715766503,0.49423247559893524,0.23242228249530564,0.13149197355996223,0.35791464517720584,0.5057675244010648,3899,21763,3990,39042
239007,salt_pepper,high,gaussian_blur,0.7240661484263545,0.17745132330651742,0.38585372037013566,0.24310186479255677,0.13836992590572297,0.23205328509168655,0.6141462796298643,3044,14110,4845,46695
239007,salt_pepper,high,median_filter,0.8950272221736979,0.5988338192419825,0.26036253010520977,0.3629295874193833,0.2216945493793848,0.02262971795082641,0.7396374698947902,2054,1376,5835,59429
239007,salt_pepper,high,bilateral_filter,0.6505080501936122,0.13889511178816255,0.39295221194067687,0.20524364406779658,0.11435738527371994,0.3160759805937012,0.6070477880593231,3100,19219,4789,41586
239007,salt_pepper,high,nlm,0.8214982385652313,0.2072566608649083,0.1962225884142477,0.2015887485349655,0.11209268645908761,0.09737686045555465,0.8037774115857523,1548,5921,6341,54884
249061,gaussian,low,none,0.9456866684135441,0.6801342094226199,0.7712428662016487,0.7228289131565263,0.5659609120521173,0.036674895008495495,0.2287571337983513,4865,2288,1443,60098
249061,gaussian,low,gaussian_blur,0.9259906250909832,0.7223837209302325,0.3151553582752061,0.43885209713024276,0.2811085972850679,0.01224633731927035,0.6848446417247939,1988,764,4320,61622
249061,gaussian,low,median_filter,0.9140099572015024,0.5938231165184839,0.2011731135066582,0.3005328596802842,0.17683946488294314,0.013913378001474689,0.7988268864933418,1269,868,5039,61518
249061,gaussian,low,bilateral_filter,0.9188429848312808,0.8298829882988299,0.14616360177552315,0.24855101765736623,0.14191165153147606,0.0030295258551598114,0.8538363982244769,922,189,5386,62197
249061,gaussian,low,nlm,0.9434302850321716,0.8303327877795963,0.4825618262523779,0.610387006216162,0.4392496392496392,0.009970185618568269,0.517438173747622,3044,622,3264,61764
249061,gaussian,medium,none,0.6784435321862171,0.1662648564057015,0.6231769181991123,0.26249540916830827,0.151076095311299,0.31596832622703813,0.37682308180088775,3931,19712,2377,42674
249061,gaussian,medium,gaussian_blur,0.9206044195999651,0.6214448236632537,0.3463855421686747,0.44482899022801303,0.2860322031679539,0.021334914884749784,0.6536144578313253,2185,1331,4123,61055
249061,gaussian,medium,median_filter,0.9072116924331092,0.4846225535880708,0.1648700063411541,0.24603737875561862,0.14027515511195035,0.017728336485750007,0.8351299936588459,1040,1106,5268,61280
249061,gaussian,medium,bilateral_filter,0.9190176725769353,0.7032187670485542,0.20434369055168042,0.3166687139172092,0.18812025685931116,0.008719905106915013,0.7956563094483196,1289,544,5019,61842
249061,gaussian,medium,nlm,0.9117244591958541,0.6732954545454546,0.07514267596702599,0.1351968054763263,0.0724992352401346,0.003686724585644215,0.924857324032974,474,230,5834,62156
249061,gaussian,high,none,0.6243631175939675,0.11993137866500311,0.48763474952441344,0.19251470772311927,0.10650969529085873,0.3618119449876575,0.5123652504755866,3076,22572,3232,39814
249061,gaussian,high,gaussian_blur,0.8345707048650537,0.24587856855649376,0.38776157260621436,0.3009350393700787,0.17711803041274438,0.12025133844131697,0.6122384273937856,2446,7502,3862,54884
249061,gaussian,high,median_filter,0.8571927679273299,0.21048280423280424,0.20180722891566266,0.20605373907413405,0.11486059731119733,0.07653960824543968,0.7981927710843374,1273,4775,5035,57611
249061,gaussian,high,bilateral_filter,0.8182665152706204,0.2325017325017325,0.4254914394419784,0.30069460004481297,0.17695147679324894,0.14201904273394672,0.5745085605580216,2684,8860,3624,53526
249061,gaussian,high,nlm,0.9102687279820654,0.6157556270096463,0.06071655041217502,0.11053391053391054,0.05850007637085688,0.003830987721604206,0.939283449587825,383,239,5925,62147
249061,salt_pepper,low,none,0.8900777360468163,0.4486745395986456,0.861287254280279,0.5899983710702068,0.4184380776340111,0.10701118840765557,0.13871274571972098,5433,6676,875,55710
249061,salt_pepper,low,gaussian_blur,0.922802573732786,0.662674004532211,0.3245085605580216,0.43567095881664364,0.27850340136054424,0.016702465296701184,0.6754914394419784,2047,1042,4261,61344
249061,salt_pepper,low,median_filter,0.9155093603517047,0.6113074204946997,0.21940393151553583,0.322911805879608,0.19254312743461324,0.014105728849421344,0.7805960684844642,1384,880,4924,61506
249061,salt_pepper,low,bilateral_filter,0.9082161469706234,0.5007132667617689,0.1669308814204185,0.2503863987635239,0.1431095406360424,0.016830699195332286,0.8330691185795814,1053,1050,5255,61336
249061,salt_pepper,low,nlm,0.9204151745421726,0.5618291427731216,0.6057387444514901,0.5829582729422534,0.41139104220499567,0.047767127240085916,0.3942612555485098,3821,2980,2487,59406
249061,salt_pepper,medium,none,0.6958104055667161,0.17390915593705294,0.6166772352568167,0.2713070163202678,0.1569434358105382,0.29618824736319044,0.3833227647431833,3890,18478,2418,43908
249061,salt_pepper,medium,gaussian_blur,0.8874428625498588,0.3818845388188454,0.3649334178820545,0.37321660181582356,0.2294199720948774,0.05972493828743628,0.6350665821179454,2302,3726,4006,58660
249061,salt_pepper,medium,median_filter,0.9150289690511544,0.5998304366256888,0.22431832593532022,0.32652590284989036,0.19511858797573084,0.01513160003847017,0.7756816740646798,1415,944,4893,61442
249061,salt_pepper,medium,bilateral_filter,0.8279471278423152,0.18776203966005667,0.26268230818008875,0.21899160774466397,0.12295933511427723,0.11489757317346841,0.7373176918199112,1657,7168,4651,55218
249061,salt_pepper,medium,nlm,0.9098902378664804,0.625531914893617,0.04660748256182625,0.08675125405724403,0.045342381246144356,0.002821145769884269,0.9533925174381738,294,176,6014,62210
249061,salt_pepper,high,none,0.6112760939820071,0.11662092559870672,0.49175649968294227,0.1885313155255721,0.10407649723200806,0.3766389895168788,0.5082435003170577,3102,23497,3206,38889
249061,salt_pepper,high,gaussian_blur,0.7587416659388011,0.16084054714861562,0.385859226379201,0.2270416491768108,0.12805808386383963,0.20355528483954732,0.614140773620799,2434,12699,3874,49687
249061,salt_pepper,high,median_filter,0.9125978979241273,0.5609951845906902,0.22162333544705137,0.31772727272727275,0.1888678735476898,0.017535985637803352,0.7783766645529486,1398,1094,4910,61292
249061,salt_pepper,high,bilateral_filter,0.6823448918391708,0.12139405476643725,0.3942612555485098,0.18563164769546558,0.1023119960506829,0.28852627191998204,0.6057387444514901,2487,18000,3821,44386
249061,salt_pepper,high,nlm,0.8981424869712057,0.2903225806451613,0.07561826252377933,0.11998490755879762,0.06382124698956382,0.01869009072548328,0.9243817374762207,477,1166,5831,61220
253036,gaussian,low,none,0.9920808221969896,0.7379642365887208,0.8681229773462783,0.7977695167286245,0.6635745207173779,0.0056479587298763675,0.13187702265372167,1073,381,163,67077
253036,gaussian,low,gaussian_blur,0.9913675139022331,0.7909502262443439,0.7071197411003236,0.7466894489534386,0.5957736877982277,0.003424352930712443,0.2928802588996764,874,231,362,67227
253036,gaussian,low,median_filter,0.9869712056365912,0.6641000962463908,0.558252427184466,0.6065934065934065,0.4353312302839117,0.005173589492721397,0.441747572815534,690,349,546,67109
253036,gaussian,low,bilateral_filter,0.9918333478906455,0.8497409326424871,0.6634304207119741,0.7451158564288961,0.5937726285300506,0.00214948560585846,0.3365695792880259,820,145,416,67313
253036,gaussian,low,nlm,0.9950505138731185,0.8714759535655058,0.8503236245954693,0.8607698607698608,0.7555715312724659,0.0022977259924693884,0.14967637540453074,1051,155,185,67303
253036,gaussian,medium,none,0.6952135557690629,0.042666790473095316,0.7435275080906149,0.08070252469813392,0.04204795021961932,0.3056716771917341,0.2564724919093851,919,20620,317,46838
253036,gaussian,medium,gaussian_blur,0.9885725099717588,0.7033363390441839,0.6310679611650486,0.6652452025586354,0.4984025559105431,0.0048771087194995405,0.36893203883495146,780,329,456,67129
253036,gaussian,medium,median_filter,0.9840306285847381,0.5651358950328023,0.4878640776699029,0.5236647850629612,0.3547058823529412,0.0068783539387470725,0.5121359223300971,603,464,633,66994
253036,gaussian,medium,bilateral_filter,0.9892130317058259,0.7382098171318575,0.6205501618122977,0.6742857142857143,0.5086206896551724,0.004032138515817249,0.3794498381877023,767,272,469,67186
253036,gaussian,medium,nlm,0.9872769091914869,0.7139479905437353,0.4886731391585761,0.580211335254563,0.40866035182679294,0.0035874173559844644,0.511326860841424,604,242,632,67216
253036,gaussian,high,none,0.63612542580138,0.03058321479374111,0.6262135922330098,0.058318264014466534,0.030034924330616997,0.36369296451125144,0.3737864077669903,774,24534,462,42924
253036,gaussian,high,gaussian_blur,0.9314932890791044,0.15090543259557343,0.6067961165048543,0.24170157911698356,0.1374633431085044,0.06255744314981174,0.3932038834951456,750,4220,486,63238
253036,gaussian,high,median_filter,0.9475791189914694,0.14521452145214522,0.39158576051779936,0.2118625519807398,0.11848225214198287,0.04223368614545347,0.6084142394822006,484,2849,752,64609
253036,gaussian,high,bilateral_filter,0.911855475005095,0.12416159725471845,0.6440129449838188,0.20818621681705243,0.11618741789519778,0.08323697708203623,0.3559870550161812,796,5615,440,61843
253036,gaussian,high,nlm,0.9849914111858387,0.6224611708482676,0.4215210355987055,0.502653159671973,0.33569587628865977,0.0046843962169053335,0.5784789644012945,521,316,715,67142
253036,salt_pepper,low,none,0.9064255975776633,0.14842903575297942,0.8867313915857605,0.254292343387471,0.14566719829877725,0.09321355510095171,0.11326860841423948,1096,6288,140,61170
253036,salt_pepper,low,gaussian_blur,0.9869566483244534,0.6321928460342147,0.6577669902912622,0.6447264076130055,0.4757167934464599,0.007011770286696908,0.3422330097087379,813,473,423,66985
253036,salt_pepper,low,median_filter,0.9876262846827961,0.6810506566604128,0.587378640776699,0.6307558644656821,0.4606598984771574,0.005040173144771561,0.41262135922330095,726,340,510,67118
253036,salt_pepper,low,bilateral_filter,0.9587445774012286,0.24826717076244487,0.6375404530744336,0.3573696145124716,0.21755935946990612,0.03537015624536749,0.36245954692556637,788,2386,448,65072
253036,salt_pepper,low,nlm,0.9399074154948031,0.21022044088176353,0.848705501618123,0.3369739800835207,0.20262700405640333,0.05842153636336683,0.15129449838187703,1049,3941,187,63517
253036,salt_pepper,medium,none,0.7306314962005416,0.04767393126571668,0.7362459546925566,0.08954930131863806,0.046873390336870296,0.2694713747813454,0.26375404530744334,910,18178,326,49280
253036,salt_pepper,medium,gaussian_blur,0.9421637988761755,0.17655400614511935,0.6043689320388349,0.273276019754893,0.15826271186440677,0.05164695069524741,0.39563106796116504,747,3484,489,63974
253036,salt_pepper,medium,median_filter,0.9871022214458323,0.6641651031894934,0.5728155339805825,0.6151172893136403,0.44416562107904645,0.005307005840671232,0.42718446601941745,708,358,528,67100
253036,salt_pepper,medium,bilateral_filter,0.8504818470317641,0.07094690853832272,0.6043689320388349,0.12698682532936675,0.06779814848429842,0.14500874618281004,0.39563106796116504,747,9782,489,57676
253036,salt_pepper,medium,nlm,0.9814830989606079,0.4825918762088975,0.40372168284789645,0.439647577092511,0.28176171654432525,0.007930860683684662,0.5962783171521036,499,535,737,66923
253036,salt_pepper,high,none,0.6348007103968323,0.02745968221262432,0.5606796116504854,0.052355229856835266,0.02688130333591932,0.36384120489786237,0.4393203883495146,693,24544,543,42914
253036,salt_pepper,high,gaussian_blur,0.7920342387981483,0.04592901878914405,0.5339805825242718,0.08458285274894271,0.04415897230028101,0.20323757004358267,0.46601941747572817,660,13710,576,53748
253036,salt_pepper,high,median_filter,0.9844819052610126,0.5776965265082267,0.511326860841424,0.5424892703862662,0.37220259128386335,0.006848705861424886,0.4886731391585761,632,462,604,66996
253036,salt_pepper,high,bilateral_filter,0.6917343581681078,0.0309559653744825,0.5323624595469255,0.05850969233505247,0.03013648438215627,0.3053455483411901,0.46763754045307443,658,20598,578,46860
253036,salt_pepper,high,nlm,0.926791277258567,0.1085655314757482,0.4255663430420712,0.17299786219371815,0.09468946894689469,0.06402502297725993,0.5744336569579288,526,4319,710,63139
28075,gaussian,low,none,0.9320173523160684,0.41209317166560305,0.7239349775784754,0.5252135014233428,0.3561284985523232,0.056582624451064094,0.27606502242152464,2583,3685,985,61441
28075,gaussian,low,gaussian_blur,0.9532419134131074,0.7236180904522613,0.16143497757847533,0.26397800183318054,0.15205913410770855,0.0033780671314068114,0.8385650224215246,576,220,2992,64906
28075,gaussian,low,median_filter,0.9501266486155996,0.58875,0.1320067264573991,0.21565934065934067,0.12086220169361046,0.005051745846512913,0.8679932735426009,471,329,3097,64797
28075,gaussian,low,bilateral_filter,0.9506361545404256,0.7626112759643917,0.07202914798206278,0.13162612035851473,0.07044956140350878,0.0012283880477842951,0.9279708520179372,257,80,3311,65046
28075,gaussian,low,nlm,0.9560660319678574,0.790084388185654,0.20992152466367714,0.33170947741364043,0.1988319617732944,0.003055615268863434,0.7900784753363229,749,199,2819,64927
28075,gaussian,medium,none,0.6628089789501267,0.08609691183304466,0.5711883408071748,0.1496383861375234,0.08086980675370024,0.3321714829714707,0.4288116591928251,2038,21633,1530,43493
28075,gaussian,medium,gaussian_blur,0.9515095932686989,0.5967346938775511,0.20487668161434977,0.3050281660755268,0.17996061053668144,0.007585296195068022,0.7951233183856502,731,494,2837,64632
28075,gaussian,medium,median_filter,0.9472151861880223,0.4634760705289673,0.1031390134529148,0.16872994039431455,0.09213820731096645,0.006541166354451371,0.8968609865470852,368,426,3200,64700
28075,gaussian,medium,bilateral_filter,0.9506361545404256,0.6477462437395659,0.10874439461883408,0.18622510199184064,0.10267266472611802,0.003239873476031078,0.8912556053811659,388,211,3180,64915
28075,gaussian,medium,nlm,0.9488456051474655,0.6875,0.02774663677130045,0.053340517241379316,0.02740105175754221,0.000690968276878666,0.9722533632286996,99,45,3469,65081
28075,gaussian,high,none,0.626226453547617,0.06332464249032156,0.4492713004484305,0.11100339311682016,0.05876315114190403,0.36407886251266774,0.5507286995515696,1603,23711,1965,41415
28075,gaussian,high,gaussian_blur,0.8527236731009986,0.1198188784395681,0.289237668161435,0.1694442164025942,0.09256435554758274,0.11640512237815925,0.7107623318385651,1032,7581,2536,57545
28075,gaussian,high,median_filter,0.8949398783008705,0.11205613438230916,0.1477017937219731,0.12743320033853223,0.06805268595041322,0.06412185609434021,0.8522982062780269,527,4176,3041,60950
28075,gaussian,high,bilateral_filter,0.8298250211081026,0.10488421871959525,0.30213004484304934,0.15571284125379173,0.08442982456140351,0.14126462549519392,0.6978699551569507,1078,9200,2490,55926
28075,gaussian,high,nlm,0.9470696130666434,0.40710382513661203,0.04176008968609866,0.07574987290289782,0.03936591809775429,0.0033320025796149005,0.9582399103139013,149,217,3419,64909
28075,salt_pepper,low,none,0.8725070602963869,0.26871657754010697,0.8450112107623319,0.40776305112253186,0.2560944534103457,0.12598654915087676,0.15498878923766815,3015,8205,553,56921
28075,salt_pepper,low,gaussian_blur,0.9517716248871808,0.606694560669456,0.20319506726457398,0.30442998110434605,0.17954432887568103,0.007216779780732733,0.796804932735426,725,470,2843,64656
28075,salt_pepper,low,median_filter,0.9522083442513174,0.6613816534541337,0.16367713004484305,0.26241294091215456,0.15102146366692526,0.004591100328593803,0.8363228699551569,584,299,2984,64827
28075,salt_pepper,low,bilateral_filter,0.9388884036451509,0.28365384615384615,0.11575112107623318,0.1644108280254777,0.08956842333550206,0.016015109172987745,0.8842488789237668,413,1043,3155,64083
28075,salt_pepper,low,nlm,0.9398783008705273,0.39125386996904027,0.28335201793721976,0.32867360208062424,0.19665434740322896,0.024153179989558703,0.7166479820627802,1011,1573,2557,63553
28075,salt_pepper,medium,none,0.6854892712609544,0.09758600687162554,0.6129484304932735,0.16836675776588783,0.09192165433759247,0.3105364984798698,0.3870515695067265,2187,20224,1381,44902
28075,salt_pepper,medium,gaussian_blur,0.9112877398317175,0.191800878477306,0.2202914798206278,0.20506130967910255,0.11424418604651163,0.05085526517826981,0.7797085201793722,786,3312,2782,61814
28075,salt_pepper,medium,median_filter,0.9518880833842839,0.6472564389697648,0.16199551569506726,0.25913472315624303,0.1488539788823075,0.004836777938150662,0.8380044843049327,578,315,2990,64811
28075,salt_pepper,medium,bilateral_filter,0.8670917401810929,0.10797857344234564,0.21468609865470853,0.1436878634402551,0.07740501212611156,0.09716549457973774,0.7853139013452914,766,6328,2802,58798
28075,salt_pepper,medium,nlm,0.948146854164847,0.5258620689655172,0.017096412556053812,0.03311617806731814,0.01683687551752691,0.0008445167828517029,0.9829035874439462,61,55,3507,65071
28075,salt_pepper,high,none,0.6145660465251696,0.06268850456228764,0.4602017937219731,0.11034575451093716,0.058394679753903056,0.3769769370144028,0.5397982062780269,1642,24551,1926,40575
28075,salt_pepper,high,gaussian_blur,0.7738812705622033,0.07996910763181914,0.31922645739910316,0.12789848969737802,0.06831813819577735,0.20120996222706752,0.6807735426008968,1139,13104,2429,52022
28075,salt_pepper,high,median_filter,0.9500393047427723,0.574235807860262,0.14742152466367714,0.2346119536128457,0.1328954017180394,0.005988391732948438,0.8525784753363229,526,390,3042,64736
28075,salt_pepper,high,bilateral_filter,0.7070777651614406,0.06578533207428391,0.351457399103139,0.11082633672116658,0.05866392215568862,0.2734391794367841,0.648542600896861,1254,17808,2314,47318
28075,salt_pepper,high,nlm,0.9337060005240633,0.15858725761772854,0.06418161434977579,0.0913806863527534,0.047877900899017355,0.01865614347572398,0.9358183856502242,229,1215,3339,63911
317080,gaussian,low,none,0.9159751943401171,0.5611510791366906,0.7655889145496536,0.6476190476190475,0.4788732394366197,0.0671566881455817,0.23441108545034642,5304,4148,1624,57618
317080,gaussian,low,gaussian_blur,0.922802573732786,0.7794977640178878,0.3270785219399538,0.460803253685816,0.29937904610912935,0.01037787779684616,0.6729214780600462,2266,641,4662,61125
317080,gaussian,low,median_filter,0.9137624828951583,0.7059064807219032,0.2484122401847575,0.36749946615417467,0.2251144538914323,0.011608328206456627,0.7515877598152425,1721,717,5207,61049
317080,gaussian,low,bilateral_filter,0.9176056132995604,0.8354497354497354,0.22791570438799078,0.3581310954865049,0.2181240502831883,0.005035132597221772,0.7720842956120092,1579,311,5349,61455
317080,gaussian,low,nlm,0.9366756922001922,0.829330608073582,0.4685334872979215,0.5987825124515773,0.4273301737756714,0.010815011494997247,0.5314665127020786,3246,668,3682,61098
317080,gaussian,medium,none,0.7443881561708446,0.22148283992664397,0.6101327944572749,0.32499135047860683,0.19402368493527955,0.24055305507884597,0.3898672055427252,4227,14858,2701,46908
317080,gaussian,medium,gaussian_blur,0.9163827990799779,0.6749408983451537,0.32967667436489606,0.4429790535298681,0.2845042351768809,0.01780915066541463,0.6703233256351039,2284,1100,4644,60666
317080,gaussian,medium,median_filter,0.9055230442251143,0.5791184971098265,0.2313799076212471,0.33065181518151815,0.1980724082540467,0.01886150956837095,0.7686200923787528,1603,1165,5325,60601
317080,gaussian,medium,bilateral_filter,0.9141700876350191,0.74,0.22964780600461893,0.3505177351839612,0.21250166956057165,0.009050286565424344,0.770352193995381,1591,559,5337,61207
317080,gaussian,medium,nlm,0.9147960520569483,0.7783531848783014,0.21694572748267898,0.3393159498814765,0.20432300163132136,0.006929378622543146,0.7830542725173211,1503,428,5425,61338
317080,gaussian,high,none,0.6342184179113168,0.13565565565565565,0.48903002309468824,0.21239381876312574,0.11881465895142908,0.34949648674027783,0.5109699769053118,3388,21587,3540,40179
317080,gaussian,high,gaussian_blur,0.8572801118001572,0.3196186653286503,0.36778290993071594,0.34201342281879193,0.20628238341968913,0.08781530291746269,0.6322170900692841,2548,5424,4380,56342
317080,gaussian,high,median_filter,0.856275657262643,0.2558448018570718,0.22271939953810624,0.2381356586156339,0.13516117729502453,0.07266133471489168,0.7772806004618937,1543,4488,5385,57278
317080,gaussian,high,bilateral_filter,0.8499141118583865,0.3030973451327434,0.3757217090069284,0.3355246197473576,0.20157980329900102,0.09689796975682415,0.6242782909930716,2603,5985,4325,55781
317080,gaussian,high,nlm,0.9051445541095292,0.6262254901960784,0.14751732101616627,0.23878504672897197,0.13557972937118598,0.00987598355082084,0.8524826789838337,1022,610,5906,61156
317080,salt_pepper,low,none,0.8995545462485807,0.5011731188201777,0.8633083140877598,0.6341851341321175,0.46432730378076237,0.09637988537383026,0.13669168591224018,5981,5953,947,55813
317080,salt_pepper,low,gaussian_blur,0.9147232654962588,0.6487764182424917,0.33674942263279445,0.443367540858989,0.2848248077157856,0.020448142991289706,0.6632505773672055,2333,1263,4595,60503
317080,salt_pepper,low,median_filter,0.9174745974903193,0.7183489420742283,0.29893187066974597,0.4221791866272551,0.26757105943152454,0.013146391218469708,0.7010681293302541,2071,812,4857,60954
317080,salt_pepper,low,bilateral_filter,0.8817946254403587,0.37132987910189985,0.24826789838337182,0.2975778546712803,0.17479674796747968,0.04714567885244309,0.7517321016166282,1720,2912,5208,58854
317080,salt_pepper,low,nlm,0.8885055463359245,0.45406560261405055,0.5215069284064665,0.48545515619751434,0.3205287437899219,0.07032995499141922,0.4784930715935335,3613,4344,3315,57422
317080,salt_pepper,medium,none,0.736745567298454,0.22446156885990912,0.6558891454965358,0.33446194612100694,0.20081315184726886,0.25418515040637246,0.3441108545034642,4544,15700,2384,46066
317080,salt_pepper,medium,gaussian_blur,0.8571345386787783,0.3210121557926073,0.37355658198614317,0.34529686457638425,0.2086760199967747,0.08862480976589061,0.6264434180138568,2588,5474,4340,56292
317080,salt_pepper,medium,median_filter,0.9156694907852214,0.7004592016955139,0.28622979214780603,0.40639409775591767,0.2550154320987654,0.013729236149337824,0.713770207852194,1983,848,4945,60918
317080,salt_pepper,medium,bilateral_filter,0.7769091914868839,0.17611663966674382,0.3295323325635104,0.22955105324015887,0.1296569741026806,0.1729106628242075,0.6704676674364896,2283,10680,4645,51086
317080,salt_pepper,medium,nlm,0.902990071913122,0.5694736842105264,0.15617782909930716,0.24512913457181693,0.1396849987090111,0.01324353204028106,0.8438221709006929,1082,818,5846,60948
317080,salt_pepper,high,none,0.6463883308585903,0.14263368048409006,0.5001443418013857,0.22196598443355434,0.1248378728923476,0.33720817278114174,0.4998556581986143,3465,20828,3463,40938
317080,salt_pepper,high,gaussian_blur,0.7309226424432993,0.1576202891680493,0.38394919168591224,0.22349185010922534,0.12580401059402194,0.23015898714503125,0.6160508083140878,2660,14216,4268,47550
317080,salt_pepper,high,median_filter,0.9105598742248231,0.6309285237140948,0.27266166281755194,0.3807700060471679,0.23515498568405327,0.017890101350257422,0.727338337182448,1889,1105,5039,60661
317080,salt_pepper,high,bilateral_filter,0.6643811686610185,0.13006377024361152,0.40920900692840645,0.19738903394255877,0.10950173812282735,0.3069973771978111,0.5907909930715936,2835,18962,4093,42804
317080,salt_pepper,high,nlm,0.7952805194048971,0.15279805352798054,0.22661662817551964,0.1825263035517061,0.10042858056674983,0.14093514231130394,0.7733833718244804,1570,8705,5358,53061
35091,gaussian,low,none,0.7974641162255801,0.6344090847883658,0.7101798814189528,0.6701595505085228,0.5039398153100153,0.16693310378750614,0.2898201185810471,14134,8145,5768,40647
35091,gaussian,low,gaussian_blur,0.7365999941770751,0.7051747616886065,0.1561149633202693,0.2556360046075366,0.14654969105230886,0.02662321692080669,0.8438850366797307,3107,1299,16795,47493
35091,gaussian,low,median_filter,0.7132937374443182,0.5444396736796908,0.0637121897296754,0.11407494039854257,0.06048752564041406,0.021745368093130022,0.9362878102703246,1268,1061,18634,47731
35091,gaussian,low,bilateral_filter,0.7165254607389292,0.7619047619047619,0.03135363280072354,0.06022875343854061,0.031049410359755187,0.003996556812592228,0.9686463671992764,624,195,19278,48597
35091,gaussian,low,nlm,0.7506769150144117,0.8030137584625464,0.1847553009747764,0.30039622564437723,0.17674485675831572,0.018486637153631743,0.8152446990252236,3677,902,16225,47890
35091,gaussian,medium,none,0.6515416193554022,0.4216778601653791,0.5457742940407999,0.47576706598629026,0.31213540618983304,0.30531644531890473,0.4542257059592001,10862,14897,9040,33895
35091,gaussian,medium,gaussian_blur,0.7302675633970943,0.5942606068927639,0.2174655813486082,0.3184108883575501,0.18935118344489654,0.06056320708312838,0.7825344186513918,4328,2955,15574,45837
35091,gaussian,medium,median_filter,0.703802369930416,0.4325144070367,0.07165109034267912,0.12293633346264925,0.06549396040968171,0.03834645023774389,0.9283489096573209,1426,1871,18476,46921
35091,gaussian,medium,bilateral_filter,0.7173988994672024,0.6332425068119891,0.05838609185006532,0.10691447761880665,0.056476306196840825,0.013793244794228563,0.9416139081499347,1162,673,18740,48119
35091,gaussian,medium,nlm,0.7124930852767345,0.7275449101796407,0.012209828157974074,0.02401660407195098,0.012154253988896113,0.0018650598458763731,0.9877901718420259,243,91,19659,48701
35091,gaussian,high,none,0.5898477305150377,0.34150733744587913,0.44784443774495025,0.38751331492793634,0.24032031924072475,0.35222987374979503,0.5521555622550497,8913,17186,10989,31606
35091,gaussian,high,gaussian_blur,0.6685445599324541,0.4102772735807724,0.32936388302683145,0.3653947991861535,0.22353703451098075,0.19310542711919987,0.6706361169731685,6555,9422,13347,39370
35091,gaussian,high,median_filter,0.6654147378228084,0.3359241908006814,0.15852678122801728,0.21540247149586947,0.12070086843414056,0.12782833251352682,0.8414732187719827,3155,6237,16747,42555
35091,gaussian,high,bilateral_filter,0.6521821410894693,0.38512463300903804,0.33614712089237264,0.35897298312451376,0.218748978190498,0.21890883751434662,0.6638528791076274,6690,10681,13212,38111
35091,gaussian,high,nlm,0.7117215477334266,0.6285714285714286,0.012159581951562658,0.023857642825454727,0.012072836118732852,0.002930808329234301,0.9878404180484374,242,143,19660,48649
35091,salt_pepper,low,none,0.8682417678399861,0.7412512784027747,0.8376042608783036,0.786487697860395,0.6481085494343144,0.11926135432038039,0.1623957391216963,16670,5819,3232,42973
35091,salt_pepper,low,gaussian_blur,0.7353771799574926,0.6566703017084696,0.18153954376444578,0.2844433947409857,0.16580239548437428,0.03871536317429087,0.8184604562355542,3613,1889,16289,46903
35091,salt_pepper,low,median_filter,0.7159722828776894,0.5741372772089496,0.07607275650688373,0.13434491326145792,0.07200951248513675,0.023016068207902935,0.9239272434931163,1514,1123,18388,47669
35091,salt_pepper,low,bilateral_filter,0.7147640259702449,0.6157894736842106,0.041151643050949656,0.07714770158251695,0.04012149120658404,0.010473028365305788,0.9588483569490504,819,511,19083,48281
35091,salt_pepper,low,nlm,0.7385943459399656,0.6214562258024229,0.2500251231032057,0.35658748074097957,0.2169798979636332,0.062120839481882274,0.7499748768967943,4976,3031,14926,45761
35091,salt_pepper,medium,none,0.6717180539785134,0.44884717877418606,0.5839614109134761,0.5075663282017687,0.3400930559213414,0.2924864731923266,0.41603858908652397,11622,14271,8280,34521
35091,salt_pepper,medium,gaussian_blur,0.7049960695257228,0.4826465245243331,0.25364284996482767,0.3325318665393103,0.19942322126970333,0.11089932775864896,0.7463571500351723,5048,5411,14854,43381
35091,salt_pepper,medium,median_filter,0.7141089469240399,0.5530455828963292,0.06888754899005126,0.12251463294758949,0.0652546406473108,0.022708640760780455,0.9311124510099488,1371,1108,18531,47684
35091,salt_pepper,medium,bilateral_filter,0.682708824642618,0.36744120940649494,0.13189629182996684,0.19411373216002367,0.10748945579624095,0.09261764223643221,0.8681037081700331,2625,4519,17277,44273
35091,salt_pepper,medium,nlm,0.7106588639473608,0.5698924731182796,0.00532609787961009,0.010553564317005177,0.00530477429686718,0.0016396130513198885,0.9946739021203899,106,80,19796,48712
35091,salt_pepper,high,none,0.5907648411797246,0.34456645210147674,0.45724047834388504,0.3929866989117291,0.24454477050413845,0.3547712739793409,0.542759521656115,9100,17310,10802,31482
35091,salt_pepper,high,gaussian_blur,0.6433167379974961,0.37203738733726494,0.3359963822731384,0.35309958812968634,0.2144025137067556,0.23132890637809478,0.6640036177268617,6687,11287,13215,37505
35091,salt_pepper,high,median_filter,0.7127405595830786,0.5275873326803787,0.08119786956084815,0.14073590246026563,0.07569441191624901,0.029656501065748485,0.9188021304391518,1616,1447,18286,47345
35091,salt_pepper,high,bilateral_filter,0.6016682679710018,0.3186701015894619,0.32941412923324287,0.3239530574428659,0.193284000117928,0.28728070175438597,0.6705858707667571,6556,14017,13346,34775
35091,salt_pepper,high,nlm,0.7087081841208839,0.44386694386694386,0.021455130137674607,0.040931748466257675,0.02089347751626951,0.010964912280701754,0.9785448698623254,427,535,19475,48257
374020,gaussian,low,none,0.9178094156694908,0.5575074577394763,0.7545984746523104,0.6412504765535646,0.4719416386083053,0.0645894818326963,0.24540152534768955,5046,4005,1641,58002
374020,gaussian,low,gaussian_blur,0.9187265263341776,0.7908324552160169,0.22446538058920293,0.34967967384973786,0.21188594014680973,0.006402502943216089,0.775534619410797,1501,397,5186,61610
374020,gaussian,low,median_filter,0.9123067516813695,0.7104761904761905,0.16733961417676088,0.270878721859114,0.15665686686266275,0.007354008418404374,0.8326603858232391,1119,456,5568,61551
374020,gaussian,low,bilateral_filter,0.9126270125484031,0.8601472134595163,0.12232690294601466,0.21419219691018593,0.11994134897360703,0.002144919122034609,0.8776730970539853,818,133,5869,61874
374020,gaussian,low,nlm,0.9258304946574665,0.8528368794326241,0.2877224465380589,0.43028066644302804,0.27411312152728307,0.005354234199364588,0.7122775534619411,1924,332,4763,61675
374020,gaussian,medium,none,0.6709610737473433,0.1666387399463807,0.594885598923284,0.2603488334042345,0.14965576915842144,0.3208347444643347,0.40511440107671604,3978,19894,2709,42113
374020,gaussian,medium,gaussian_blur,0.9138352694558477,0.6505882352941177,0.2480933153880664,0.3592075349139331,0.21892319873317498,0.014369345396487493,0.7519066846119336,1659,891,5028,61116
374020,gaussian,medium,median_filter,0.9043439019419455,0.5353227771010962,0.13144908030506955,0.2110697562732621,0.11798657718120806,0.01230506233167223,0.8685509196949305,879,763,5808,61244
374020,gaussian,medium,bilateral_filter,0.9105162022884095,0.7284263959390863,0.12875729026469268,0.2188333968738086,0.1228595890410959,0.005176834873482026,0.8712427097353073,861,321,5826,61686
374020,gaussian,medium,nlm,0.9056686173464932,0.7789757412398922,0.043218184537161655,0.08189288750354208,0.04269463731718127,0.0013224313383972776,0.9567818154628384,289,82,6398,61925
374020,gaussian,high,none,0.6225580108888695,0.12456585365853659,0.47734410049349485,0.19757365684575393,0.10961538461538461,0.3617817343203187,0.5226558995065052,3192,22433,3495,39574
374020,gaussian,high,gaussian_blur,0.8038984481905261,0.210333048676345,0.3683266038582324,0.267761047996956,0.15457512237981674,0.14912832422145886,0.6316733961417677,2463,9247,4224,52760
374020,gaussian,high,median_filter,0.847919760095496,0.1908911542255837,0.17362045760430686,0.1818466598793954,0.10001722949689869,0.07936200751528054,0.8263795423956931,1161,4921,5526,57086
374020,gaussian,high,bilateral_filter,0.7879436340874021,0.18951930654058313,0.35965305817257365,0.24823244052226867,0.1417039830308744,0.16586836970019514,0.6403469418274264,2405,10285,4282,51722
374020,gaussian,high,nlm,0.904140099572015,0.69921875,0.026768356512636458,0.05156272504680974,0.026463630987581314,0.0012417952811779316,0.9732316434873636,179,77,6508,61930
374020,salt_pepper,low,none,0.8698139575508778,0.4178201952498907,0.857634215642291,0.5618968304511831,0.3907208066494073,0.1288725466479591,0.142365784357709,5735,7991,952,54016
374020,salt_pepper,low,gaussian_blur,0.9159315224037033,0.6958762886597938,0.24226110363391656,0.35940099833610645,0.21906693711967545,0.011418065702259422,0.7577388963660835,1620,708,5067,61299
374020,salt_pepper,low,median_filter,0.9138061548315719,0.7321212121212122,0.18064902048751308,0.28979249130382634,0.16944873053724224,0.0071282274581902045,0.8193509795124869,1208,442,5479,61565
374020,salt_pepper,low,bilateral_filter,0.9073863801787638,0.6064178127046497,0.13847764318827577,0.22546871195519844,0.12705817782656423,0.009692454077765414,0.8615223568117243,926,601,5761,61406
374020,salt_pepper,low,nlm,0.9031938742830524,0.5032888888888889,0.4233587557948258,0.4598765432098766,0.2985971943887776,0.04505942877417066,0.5766412442051743,2831,2794,3856,59213
374020,salt_pepper,medium,none,0.6848633068390252,0.18269353128313892,0.6440855391057275,0.2846474125966559,0.16594105182045849,0.3107391101004725,0.3559144608942725,4307,19268,2380,42739
374020,salt_pepper,medium,gaussian_blur,0.882144000931668,0.37141814199671475,0.30432181845371614,0.33453887884267636,0.2008686210640608,0.05554211621268566,0.6956781815462838,2035,3444,4652,58563
374020,salt_pepper,medium,median_filter,0.912117506623577,0.6988984088127295,0.17077912367279796,0.2744862396346593,0.1590750800947207,0.007934588030383667,0.829220876327202,1142,492,5545,61515
374020,salt_pepper,medium,bilateral_filter,0.8488659853844586,0.22706455901905748,0.22984896066995664,0.22844827586206895,0.12895377128953772,0.08437757027432387,0.7701510393300434,1537,5232,5150,56775
374020,salt_pepper,medium,nlm,0.9037907240807057,0.6266233766233766,0.02886197098848512,0.055182273052180125,0.02837400764481035,0.0018546293160449628,0.9711380290115149,193,115,6494,61892
374020,salt_pepper,high,none,0.6120185169010394,0.12231848965230221,0.4834754000299088,0.19524125853010446,0.1081813618872344,0.37411905107487864,0.5165245999700913,3233,23198,3454,38809
374020,salt_pepper,high,gaussian_blur,0.753093428829301,0.15830783557270187,0.3559144608942725,0.21914276506606506,0.12305465074194716,0.20407373361072137,0.6440855391057275,2380,12654,4307,49353
374020,salt_pepper,high,median_filter,0.9092642734445512,0.6116027531956736,0.1860326005682668,0.2852883843595918,0.16637688912665508,0.0127404970406567,0.8139673994317332,1244,790,5443,61217
374020,salt_pepper,high,bilateral_filter,0.6833056744402713,0.12186307970287091,0.36309256766861076,0.1824809289391605,0.10040110821651574,0.28216169142193626,0.6369074323313892,2428,17496,4259,44511
374020,salt_pepper,high,nlm,0.8952164672314904,0.32817753866846,0.07297741887243907,0.11940298507462688,0.06349206349206349,0.016111084232425372,0.927022581127561,488,999,6199,61008
376020,gaussian,low,none,0.8514717442571403,0.5601000064106674,0.7233813545288955,0.6313545543230842,0.46129883843717,0.1212024869294899,0.2766186454711045,8737,6862,3341,49754
376020,gaussian,low,gaussian_blur,0.8573674556729846,0.7337023370233703,0.29632389468455045,0.42215145081387123,0.2675487777528594,0.022944044086477322,0.7036761053154496,3579,1299,8499,55317
376020,gaussian,low,median_filter,0.836463155442979,0.6025765678172095,0.20524921344593475,0.3062005928853755,0.18077736454459273,0.02887876218736753,0.7947507865540653,2479,1635,9599,54981
376020,gaussian,low,bilateral_filter,0.8365359420036684,0.7583688374923919,0.10316277529392283,0.18161941549449748,0.09987975951903807,0.007012152041825632,0.8968372247060772,1246,397,10832,56219
376020,gaussian,low,nlm,0.8685765860191574,0.7945152568559289,0.3406193078324226,0.4768196569309226,0.3130421549231472,0.018793273986152326,0.6593806921675774,4114,1064,7964,55552
376020,gaussian,medium,none,0.6698692753370018,0.28126289723483283,0.5642490478556053,0.3753993610223642,0.23107177974434612,0.30759855871131836,0.43575095214439474,6815,17415,5263,39201
376020,gaussian,medium,gaussian_blur,0.8457361632748129,0.6223360317198083,0.31188938565987745,0.4155314102917655,0.2622528543581175,0.040377278507842305,0.6881106143401226,3767,2286,8311,54330
376020,gaussian,medium,median_filter,0.8187905785075844,0.4596598342782381,0.17453220731909255,0.25300048007681225,0.1448200054960154,0.04376854599406528,0.8254677926809074,2108,2478,9970,54138
376020,gaussian,medium,bilateral_filter,0.8352257839112587,0.6401920945696343,0.14348402053320086,0.234426783902604,0.13277658596383696,0.017203617351985303,0.8565159794667991,1733,974,10345,55642
376020,gaussian,medium,nlm,0.8278743412816257,0.6056572379367721,0.0602748799470111,0.10963855421686748,0.0579987253027406,0.008372191606612971,0.9397251200529889,728,474,11350,56142
376020,gaussian,high,none,0.6085393193000844,0.2141120160574362,0.4592647789369101,0.292062656311702,0.171003144460201,0.3596156563515614,0.5407352210630899,5547,20360,6531,36256
376020,gaussian,high,gaussian_blur,0.7517541561126153,0.32162065256364286,0.37133631395926475,0.34469507743150285,0.20823660507010863,0.16709057510244454,0.6286636860407352,4485,9460,7593,47156
376020,gaussian,high,median_filter,0.7588435671237662,0.2632411901244988,0.20657393608213281,0.23149007236964186,0.13089554587902,0.12333969195987,0.7934260639178672,2495,6983,9583,49633
376020,gaussian,high,bilateral_filter,0.7253617492066264,0.28114521537271087,0.36098691836396757,0.3161023707677808,0.18772065788340653,0.19690546841882153,0.6390130816360324,4360,11148,7718,45468
376020,gaussian,high,nlm,0.8250938946632894,0.5489891135303266,0.02922669316111939,0.05549878154233158,0.028541397153945665,0.005122226932315953,0.9707733068388806,353,290,11725,56326
376020,salt_pepper,low,none,0.8707019535912889,0.5924768518518518,0.8476568968372247,0.6974589549696846,0.5354602510460251,0.12438180019782394,0.1523431031627753,10238,7042,1840,49574
376020,salt_pepper,low,gaussian_blur,0.8519958074941043,0.669085117678287,0.31304851796655075,0.4265327993682667,0.2710782907943791,0.03302953228769252,0.6869514820334492,3781,1870,8297,54746
376020,salt_pepper,low,median_filter,0.8440766296910939,0.657961636237578,0.2357178340784898,0.3470893020420604,0.2099867237055613,0.026141020206302105,0.7642821659215102,2847,1480,9231,55136
376020,salt_pepper,low,bilateral_filter,0.8263749381314234,0.525225526227865,0.13015399900645802,0.20861256718200513,0.11645307059782206,0.02509891196834817,0.8698460009935419,1572,1421,10506,55195
376020,salt_pepper,low,nlm,0.8425481119166157,0.5674433518597691,0.4395595297234641,0.49538117010357374,0.32924031007751936,0.07148155998304366,0.5604404702765359,5309,4047,6769,52569
376020,salt_pepper,medium,none,0.6884007336885317,0.3041122358970051,0.5994369928796158,0.4035112163856765,0.2527491708849712,0.2926204606471669,0.4005630071203842,7240,16567,4838,40049
376020,salt_pepper,medium,gaussian_blur,0.8035054007628032,0.42438764643237487,0.32993873157807585,0.3712502329047885,0.2279357089744323,0.09546771230747492,0.6700612684219241,3985,5405,8093,51211
376020,salt_pepper,medium,median_filter,0.8430721751535797,0.6393301846285959,0.2465640006623613,0.3558795411089866,0.21645588021514756,0.02967359050445104,0.7534359993376387,2978,1680,9100,54936
376020,salt_pepper,medium,bilateral_filter,0.768407721198358,0.2909071062111123,0.22064911409173704,0.25095343471914866,0.14348013351997416,0.11473788328387735,0.779350885908263,2665,6496,9413,50120
376020,salt_pepper,medium,nlm,0.825530614027426,0.5476923076923077,0.044212617983109784,0.08182027120202251,0.042655164150491254,0.007789317507418398,0.9557873820168902,534,441,11544,56175
376020,salt_pepper,high,none,0.6053949398783008,0.21556455581210493,0.471518463321742,0.2958672104319817,0.17361746234985673,0.36604493429419244,0.528481536678258,5695,20724,6383,35892
376020,salt_pepper,high,gaussian_blur,0.7004105162022884,0.25538036597997466,0.36744494121543303,0.3013307984790874,0.17739227756015669,0.22855729829023597,0.632555058784567,4438,12940,7640,43676
376020,salt_pepper,high,median_filter,0.8378169854718025,0.596260530100678,0.2402715681404206,0.34251991737975807,0.206651000498469,0.034707503179313266,0.7597284318595794,2902,1965,9176,54651
376020,salt_pepper,high,bilateral_filter,0.649256121349754,0.2086041323115724,0.3561020036429873,0.2630902862735503,0.15147032928332452,0.2882047477744807,0.6438979963570127,4301,16317,7777,40299
376020,salt_pepper,high,nlm,0.8005939383352257,0.29940564635958394,0.10009935419771486,0.1500372300819062,0.08110283759307708,0.04996820686731666,0.8999006458022851,1209,2829,10869,53787
55075,gaussian,low,none,0.9039799691384983,0.4632482166856198,0.7614273576890399,0.5760380511633886,0.4045319129728266,0.08266331258259167,0.23857264231096006,4481,5192,1404,57617
55075,gaussian,low,gaussian_blur,0.9335458700905465,0.7791878172588832,0.31299915038232795,0.4465995878288278,0.28749804900889653,0.008310910856724354,0.687000849617672,1842,522,4043,62287
55075,gaussian,low,median_filter,0.9234139808425772,0.6611570247933884,0.21750212404418012,0.3273238716276691,0.19568873260969272,0.010444363068986929,0.7824978759558199,1280,656,4605,62153
55075,gaussian,low,bilateral_filter,0.9265438029522229,0.8391269199676638,0.17638062871707733,0.2914911541701769,0.17061143984220908,0.0031683357480615836,0.8236193712829227,1038,199,4847,62610
55075,gaussian,low,nlm,0.9403732494832154,0.8358993616222306,0.378249787595582,0.5208235844642022,0.35210376463144577,0.006957601617602573,0.621750212404418,2226,437,3659,62372
55075,gaussian,medium,none,0.6758232160013975,0.1519966015293118,0.6079864061172472,0.24319456244689885,0.138429991875266,0.31782069448645894,0.39201359388275275,3578,19962,2307,42847
55075,gaussian,medium,gaussian_blur,0.9278685183567706,0.6607883817427386,0.32472387425658455,0.4354563062549846,0.27832799300903,0.015618780747981977,0.6752761257434154,1911,981,3974,61828
55075,gaussian,medium,median_filter,0.9163100125192885,0.5326609029779059,0.18844519966015294,0.27839839337266226,0.16170895304753571,0.015491410466652868,0.8115548003398471,1109,973,4776,61836
55075,gaussian,medium,bilateral_filter,0.9242874195708505,0.720360824742268,0.18997451146983857,0.30065886782304696,0.17692672891280267,0.006909837762104157,0.8100254885301614,1118,434,4767,62375
55075,gaussian,medium,nlm,0.921769004570996,0.7502448579823702,0.13016142735768904,0.22183608456414713,0.1247557003257329,0.004059927717365346,0.869838572642311,766,255,5119,62554
55075,gaussian,high,none,0.6225871255131452,0.11026408930029949,0.4817332200509771,0.1794530953285226,0.0985709815374987,0.3642153194605869,0.5182667799490229,2835,22876,3050,39933
55075,gaussian,high,gaussian_blur,0.8588231868867732,0.2682630363437462,0.3750212404418012,0.3127834467120182,0.1853842923141537,0.09584613670015443,0.6249787595581988,2207,6020,3678,56789
55075,gaussian,high,median_filter,0.8592744635630477,0.20145247868645405,0.21682242990654205,0.20885506178901708,0.116604221876999,0.0805298603703291,0.7831775700934579,1276,5058,4609,57751
55075,gaussian,high,bilateral_filter,0.8413252976970332,0.22688160331118615,0.3539507221750212,0.27651666002920483,0.16044057613802665,0.11300928210925186,0.6460492778249788,2083,7098,3802,55711
55075,gaussian,high,nlm,0.9171980085596996,0.6033578174186779,0.09770603228547153,0.16817782977478793,0.09180903720261856,0.006018245792800395,0.9022939677145284,575,378,5310,62431
55075,salt_pepper,low,none,0.884589629370833,0.41655093538109633,0.8664401019541207,0.5626172349111772,0.39141782451830814,0.11370981865656196,0.13355989804587937,5099,7142,786,55667
55075,salt_pepper,low,gaussian_blur,0.9257431507846391,0.6343385880740233,0.3145284621920136,0.4205384528001817,0.2662543153049482,0.0169880112722699,0.6854715378079864,1851,1067,4034,61742
55075,salt_pepper,low,median_filter,0.9265438029522229,0.6902494331065759,0.2586236193712829,0.37626699629171817,0.23172959805115712,0.010874237768472671,0.741376380628717,1522,683,4363,62126
55075,salt_pepper,low,bilateral_filter,0.8930619850350832,0.311969111969112,0.20594732370433305,0.24810644831115664,0.14162187426968917,0.0425575952490885,0.794052676295667,1212,2673,4673,60136
55075,salt_pepper,low,nlm,0.8960607913354878,0.4085676817718199,0.47646559048428205,0.43991214308126764,0.2819790828640386,0.06462449648935661,0.523534409515718,2804,4059,3081,58750
55075,salt_pepper,medium,none,0.7144583224153492,0.17845433255269322,0.6474086661002549,0.2797870387369194,0.16264674493062967,0.27925934181407125,0.3525913338997451,3810,17540,2075,45269
55075,salt_pepper,medium,gaussian_blur,0.8762337322036859,0.30560095082454314,0.34953271028037386,0.3260938490805327,0.19481011459418507,0.07441608686653187,0.6504672897196262,2057,4674,3828,58135
55075,salt_pepper,medium,median_filter,0.9252336448598131,0.6770685579196217,0.24333050127442651,0.358,0.21802679658952498,0.010874237768472671,0.7566694987255735,1432,683,4453,62126
55075,salt_pepper,medium,bilateral_filter,0.807508661600722,0.1602148546027042,0.2939677145284622,0.20739675118383985,0.11569584698722664,0.14437421388654492,0.7060322854715378,1730,9068,4155,53741
55075,salt_pepper,medium,nlm,0.9175328267388709,0.6115618661257607,0.10246389124893798,0.17552030272158348,0.09620293554562859,0.006097852218631088,0.897536108751062,603,383,5282,62426
55075,salt_pepper,high,none,0.6262846827961686,0.114453840458283,0.49906542056074765,0.18620427312496038,0.10266000209724213,0.3617952841153338,0.5009345794392523,2937,22724,2948,40085
55075,salt_pepper,high,gaussian_blur,0.7477363379625586,0.14224084031511816,0.38657604078164826,0.20796197266785502,0.11604774535809019,0.2184241111942556,0.6134239592183517,2275,13719,3610,49090
55075,salt_pepper,high,median_filter,0.9228608029813375,0.6236286919831223,0.25114698385726425,0.35808600847970923,0.21809060056072008,0.014201786368195642,0.7488530161427358,1478,892,4407,61917
55075,salt_pepper,high,bilateral_filter,0.6782688444405625,0.10815774212255945,0.38028887000849615,0.16841629980810474,0.09195118944903241,0.2938113964559219,0.6197111299915038,2238,18454,3647,44355
55075,salt_pepper,high,nlm,0.8602206888520104,0.17695115591865113,0.172982158028887,0.1749441484791201,0.09585687382297552,0.07538728526166633,0.827017841971113,1018,4735,4867,58074
61086,gaussian,low,none,0.9084490639648295,0.7570484031936128,0.8352487784736081,0.7942283152831856,0.658688809291219,0.07191256023484667,0.16475122152639185,12137,3895,2394,50268
61086,gaussian,low,gaussian_blur,0.8456342620898477,0.7326146191209573,0.4255729130823756,0.538394567299321,0.3683583512032404,0.04167051308088548,0.5744270869176243,6184,2257,8347,51906
61086,gaussian,low,median_filter,0.8067953533059656,0.5858682308007093,0.2955749776340238,0.3929192205653646,0.2444925143735413,0.05605302512785481,0.7044250223659762,4295,3036,10236,51127
61086,gaussian,low,bilateral_filter,0.8440766296910939,0.8378139370357269,0.325992705250843,0.4693584344810503,0.3066416364577939,0.016930376825508187,0.674007294749157,4737,917,9794,53246
61086,gaussian,low,nlm,0.9028008268553295,0.8633419689119171,0.6421443809785975,0.7364931528473894,0.582896051974013,0.027269538245665862,0.3578556190214025,9331,1477,5200,52686
61086,gaussian,medium,none,0.7354354092060442,0.4226309306375568,0.684742963319799,0.5226663865104796,0.3537903569904708,0.2509646806860772,0.31525703668020094,9950,13593,4581,40570
61086,gaussian,medium,gaussian_blur,0.8335662503275395,0.6689941086624481,0.4219943568921616,0.5175338650462082,0.34910333048676345,0.05601609955135425,0.5780056431078384,6132,3034,8399,51129
61086,gaussian,medium,median_filter,0.7858037092031327,0.48783082856762866,0.2524258481866355,0.33269841269841266,0.19954303122619954,0.07110019755183428,0.7475741518133645,3668,3851,10863,50312
61086,gaussian,medium,bilateral_filter,0.8388796692578683,0.7484574544410962,0.3589567132337761,0.4852093023255814,0.3203144190616556,0.03236526780274357,0.6410432867662239,5216,1753,9315,52410
61086,gaussian,medium,nlm,0.82963577605031,0.7748833592534993,0.2743100956575597,0.4051842439644219,0.25406335649180956,0.021379908793826043,0.7256899043424403,3986,1158,10545,53005
61086,gaussian,high,none,0.6455148921303171,0.3085769980506823,0.5446975431835387,0.39396729797665564,0.24530465505485652,0.32743754961874344,0.45530245681646137,7915,17735,6616,36428
61086,gaussian,high,gaussian_blur,0.7821789384807989,0.4825468648998061,0.41098341476842615,0.44389935704463523,0.2852639121089085,0.1182356959548031,0.5890165852315739,5972,6404,8559,47759
61086,gaussian,high,median_filter,0.7250997175881445,0.3148132391729771,0.25462803661138256,0.2815401004413331,0.16383280198370528,0.14868083377951738,0.7453719633886174,3700,8053,10831,46110
61086,gaussian,high,bilateral_filter,0.7698488951000088,0.4548152335193952,0.4429839653155323,0.44882164272765307,0.2893423832426844,0.1424588741391725,0.5570160346844677,6437,7716,8094,46447
61086,gaussian,high,nlm,0.8073194165429295,0.6356589147286822,0.2087949900213337,0.3143389970990468,0.1864781807006761,0.03210678876723963,0.7912050099786663,3034,1739,11497,52424
61086,salt_pepper,low,none,0.9121320639357149,0.737702165761934,0.9071639942192554,0.8137037037037036,0.685919450515142,0.08653508852906966,0.09283600578074462,13182,4687,1349,49476
61086,salt_pepper,low,gaussian_blur,0.8362739103851865,0.6752027315407597,0.4354827609937375,0.5294732878718152,0.3600568990042674,0.05620072743385706,0.5645172390062625,6328,3044,8203,51119
61086,salt_pepper,low,median_filter,0.8106821556467814,0.5992455775234131,0.317046314775308,0.41469013006886,0.26158301158301156,0.05688385059911748,0.682953685224692,4607,3081,9924,51082
61086,salt_pepper,low,bilateral_filter,0.8142923690569773,0.6000676895306859,0.36604500722593075,0.45471254541568706,0.29425757911042266,0.06545058434724813,0.6339549927740692,5319,3545,9212,50618
61086,salt_pepper,low,nlm,0.8709203132733572,0.7054257942840563,0.6692588259582961,0.6868665465974503,0.5230744406196214,0.0749773830843934,0.33074117404170394,9725,4061,4806,50102
61086,salt_pepper,medium,none,0.7526567094651644,0.4464891673192378,0.7062831188493566,0.5471119759042568,0.3765685770896015,0.23490205490833227,0.2937168811506434,10263,12723,4268,41440
61086,salt_pepper,medium,gaussian_blur,0.7848865985384459,0.4905790441176471,0.44078177689078524,0.4643491499619386,0.30237937871777926,0.12279600465262264,0.5592182231092148,6405,6651,8126,47512
61086,salt_pepper,medium,median_filter,0.808032724837686,0.5860435339308578,0.3149817631271076,0.40973994002059,0.25765593334834497,0.05969019441316028,0.6850182368728924,4577,3233,9954,50930
61086,salt_pepper,medium,bilateral_filter,0.7292776661717181,0.3770412483367606,0.42901383249604297,0.4013520038628682,0.2510571463090492,0.19016671897790005,0.570986167503957,6234,10300,8297,43863
61086,salt_pepper,medium,nlm,0.8066352228724488,0.6473087818696884,0.18870002064551647,0.2922150583470986,0.17110764430577224,0.02758340564592065,0.8112999793544835,2742,1494,11789,52669
61086,salt_pepper,high,none,0.6360817538649663,0.29596132855138,0.5224692037712477,0.3778712390812035,0.23294774631033108,0.33343795580008495,0.47753079622875233,7592,18060,6939,36103
61086,salt_pepper,high,gaussian_blur,0.6954173581389932,0.3276345593787078,0.4180717087605808,0.3673691530855986,0.22501666790132602,0.2301755811162602,0.5819282912394191,6075,12467,8456,41696
61086,salt_pepper,high,median_filter,0.795164060907794,0.5274922304566101,0.3036955474502787,0.3854653448049963,0.23874702445358148,0.072983401953363,0.6963044525497213,4413,3953,10118,50210
61086,salt_pepper,high,bilateral_filter,0.6388185285468891,0.27746991081478917,0.4410570504438786,0.34064152648223445,0.2052850736707239,0.3081254731089489,0.5589429495561214,6409,16689,8122,37474
61086,salt_pepper,high,nlm,0.7344455119806679,0.35813135560822695,0.32234533067235566,0.33929735603042377,0.20430951757829538,0.1549951073611137,0.6776546693276444,4684,8395,9847,45768
101085,gaussian,low,none,0.8676158034180569,0.6323437694898341,0.7601589443694707,0.6903854010622361,0.5271668486455571,0.10649252113592023,0.23984105563052932,10139,5895,3199,49461
101085,gaussian,low,gaussian_blur,0.8405392028415873,0.7438625204582652,0.2726045883940621,0.39899045319872717,0.24921178889650444,0.02261724113013946,0.7273954116059379,3636,1252,9702,54104
101085,gaussian,low,median_filter,0.8222843334206772,0.6436927772126144,0.1897585844954266,0.29310943833236824,0.17172128366917702,0.025308909603295036,0.8102414155045734,2531,1401,10807,53955
101085,gaussian,low,bilateral_filter,0.8305092147785833,0.8345834978286617,0.15849452691557955,0.26639783252473065,0.15366722395871193,0.007569188525182455,0.8415054730844205,2114,419,11224,54937
101085,gaussian,low,nlm,0.8594345939965645,0.8289849892780558,0.34780326885590046,0.4900179571141862,0.32451906260930397,0.017288098851073054,0.6521967311440996,4639,957,8699,54399
101085,gaussian,medium,none,0.6917780301045215,0.33769731118200275,0.6111111111111112,0.4350100066711141,0.2779634429136543,0.2887853168581545,0.3888888888888889,8151,15986,5187,39370
101085,gaussian,medium,gaussian_blur,0.8314117681311323,0.6448952663697839,0.2931473984105563,0.40307200659759806,0.25240462203860303,0.03889370619264398,0.7068526015894437,3910,2153,9428,53203
101085,gaussian,medium,median_filter,0.8061257169476228,0.5023832221163013,0.15804468436047384,0.24044713128778375,0.13665240503046805,0.03771948840234121,0.8419553156395262,2108,2088,11230,53268
101085,gaussian,medium,bilateral_filter,0.8271319183625935,0.7233587786259542,0.17761283550757234,0.2851983386504544,0.16631564167368718,0.01636678950791242,0.8223871644924277,2369,906,10969,54450
101085,gaussian,medium,nlm,0.8181500567735174,0.7342192691029901,0.09941520467836257,0.17511885895404122,0.09596178897090751,0.008671146759158898,0.9005847953216374,1326,480,12012,54876
101085,gaussian,high,none,0.6197921215826709,0.2497454374559411,0.47810766231818863,0.328102490224326,0.19624557624249886,0.346069080135848,0.5218923376818113,6377,19157,6961,36199
101085,gaussian,high,gaussian_blur,0.7635019070078901,0.3784687395519893,0.33948118158644475,0.3579163702474113,0.2179647636468663,0.1343305152106366,0.6605188184135553,4528,7436,8810,47920
101085,gaussian,high,median_filter,0.7498471482225522,0.2972802024035421,0.2114260008996851,0.24710830704521553,0.14097180563887224,0.1204205506178192,0.7885739991003149,2820,6666,10518,48690
101085,gaussian,high,bilateral_filter,0.7533554604477829,0.36252002135611316,0.356350277402909,0.35940867329577675,0.2190726401179941,0.15098634294385432,0.643649722597091,4753,8358,8585,46998
101085,gaussian,high,nlm,0.8120505429877427,0.6152185644900162,0.08547008547008547,0.15008886840892635,0.08113301544374066,0.01288026591516728,0.9145299145299145,1140,713,12198,54643
101085,salt_pepper,low,none,0.8898011471161965,0.6672659784247768,0.8625730994152047,0.7524525833878352,0.6031454783748361,0.10363826866103042,0.13742690058479531,11505,5737,1833,49619
101085,salt_pepper,low,gaussian_blur,0.8342358866858823,0.65787344230458,0.30476833108412055,0.4165599221191782,0.2630727413927,0.038189175518462314,0.6952316689158794,4065,2114,9273,53242
101085,salt_pepper,low,median_filter,0.8283547325821761,0.6797583081570997,0.21929824561403508,0.3316138540899042,0.19876325088339222,0.024893417154418673,0.7807017543859649,2925,1378,10413,53978
101085,salt_pepper,low,bilateral_filter,0.8050193612251434,0.4946277820414428,0.19328235117708803,0.27795148247978435,0.1614074630603556,0.047582917840884455,0.806717648822912,2578,2634,10760,52722
101085,salt_pepper,low,nlm,0.8335371357032637,0.6239093631983331,0.35919928025191183,0.4559166389113575,0.29526685566374955,0.05217139966760604,0.6408007197480882,4791,2888,8547,52468
101085,salt_pepper,medium,none,0.7127405595830786,0.3647362409577393,0.6464237516869096,0.4663439435324661,0.30407335566919413,0.2712804393381025,0.3535762483130904,8622,15017,4716,40339
101085,salt_pepper,medium,gaussian_blur,0.7839549305616211,0.4283125059620338,0.3366321787374419,0.37697829646110576,0.23226941182556515,0.10826288026591517,0.6633678212625581,4490,5993,8848,49363
101085,salt_pepper,medium,median_filter,0.8252394677846683,0.651305334846765,0.2150997150997151,0.32339514174604067,0.1928869167675138,0.027747669629308476,0.7849002849002849,2869,1536,10469,53820
101085,salt_pepper,medium,bilateral_filter,0.7209654409409847,0.28413803317535546,0.28767431399010346,0.28589523880485807,0.16678982829819605,0.17463328275164391,0.7123256860098965,3837,9667,9501,45689
101085,salt_pepper,medium,nlm,0.8141176813113227,0.6567493112947659,0.08936872094766832,0.1573285817989837,0.08538070338800946,0.011254425897824988,0.9106312790523317,1192,623,12146,54733
101085,salt_pepper,high,none,0.6169971176521967,0.2516465002297442,0.49272754535912433,0.3331474628681503,0.19986618818806642,0.35306019221041984,0.5072724546408757,6572,19544,6766,35812
101085,salt_pepper,high,gaussian_blur,0.6932774332547238,0.27984054669703873,0.3684210526315789,0.3180788400543725,0.18911637931034483,0.22844858732567383,0.631578947368421,4914,12646,8424,42710
101085,salt_pepper,high,median_filter,0.8183538591434477,0.5875407166123778,0.21637426900584794,0.3162739726027397,0.18784170788857069,0.036599465279283185,0.783625730994152,2886,2026,10452,53330
101085,salt_pepper,high,bilateral_filter,0.6310594811773954,0.230347677656994,0.384465437097016,0.28808988764044946,0.16828563927540036,0.30952380952380953,0.6155345629029839,5128,17134,8210,38222
101085,salt_pepper,high,nlm,0.7636038081928552,0.29527170077628795,0.15684510421352527,0.20486706164618324,0.11412361573291147,0.09019799118433412,0.8431548957864747,2092,4993,11246,50363
101087,gaussian,low,none,0.9317844353218622,0.595970970970971,0.7657556270096463,0.6702786377708978,0.5040745052386496,0.05168550116848609,0.2342443729903537,4763,3229,1457,59245
101087,gaussian,low,gaussian_blur,0.9283634669694587,0.7779204107830552,0.2922829581993569,0.42491527404464186,0.2697729633476777,0.00830745590165509,0.7077170418006431,1818,519,4402,61955
101087,gaussian,low,median_filter,0.9217107753224445,0.7100798403193613,0.22877813504823152,0.34606031128404674,0.20923393618585504,0.009299868745398086,0.7712218649517685,1423,581,4797,61893
101087,gaussian,low,bilateral_filter,0.9221329373744431,0.8442687747035573,0.17170418006430868,0.285370741482966,0.16643291257597007,0.003153311777699523,0.8282958199356913,1068,197,5152,62277
101087,gaussian,low,nlm,0.9408827554080414,0.8389324960753533,0.42958199356913185,0.5682083997873472,0.3968513292737264,0.008211415949034798,0.5704180064308682,2672,513,3548,61961
101087,gaussian,medium,none,0.7410982036276822,0.1976470588235294,0.6077170418006431,0.29828368514499903,0.175284025040575,0.24562217882639178,0.39228295819935693,3780,15345,2440,47129
101087,gaussian,medium,gaussian_blur,0.9210120243398259,0.6345762711864407,0.3009646302250804,0.4082878953107961,0.25650863250205536,0.01725517815411211,0.6990353697749196,1872,1078,4348,61396
101087,gaussian,medium,median_filter,0.9130782892246776,0.5537332757876564,0.2062700964630225,0.30057397212135406,0.17686793493245107,0.016550885168229983,0.7937299035369775,1283,1034,4937,61440
101087,gaussian,medium,bilateral_filter,0.9209683524034122,0.7511111111111111,0.1901929260450161,0.30352790250160355,0.17891712038717483,0.0062746102378589495,0.809807073954984,1183,392,5037,62082
101087,gaussian,medium,nlm,0.9188429848312808,0.7689741451209341,0.1482315112540193,0.24855101765736623,0.14191165153147606,0.0044338444793033905,0.8517684887459807,922,277,5298,62197
101087,gaussian,high,none,0.6315981017264972,0.12085336299709984,0.4890675241157556,0.1938135134274155,0.10730537232353875,0.3542113519223997,0.5109324758842444,3042,22129,3178,40345
101087,gaussian,high,gaussian_blur,0.8543686493725798,0.27871345029239764,0.38311897106109327,0.32268111035883545,0.1923791071284411,0.09871306463488812,0.6168810289389067,2383,6167,3837,56307
101087,gaussian,high,median_filter,0.8707310682155647,0.26476830562433673,0.24067524115755626,0.2521475492673067,0.14426134721017636,0.06653968050709096,0.7593247588424438,1497,4157,4723,58317
101087,gaussian,high,bilateral_filter,0.836332139633738,0.24546468024728893,0.38938906752411573,0.3011126996954062,0.17724112696670324,0.11916957454300989,0.6106109324758843,2422,7445,3798,55029
101087,gaussian,high,nlm,0.915072640987568,0.6903353057199211,0.11254019292604502,0.19353055017970694,0.10713192531374349,0.005026090853795179,0.887459807073955,700,314,5520,62160
101087,salt_pepper,low,none,0.8903252103531604,0.44584569732937684,0.8696141479099678,0.5894725370531821,0.41790929459939735,0.107612766911035,0.13038585209003214,5409,6723,811,55751
101087,salt_pepper,low,gaussian_blur,0.922919032229889,0.652791542781632,0.31768488745980705,0.4273818535741321,0.2717645440792188,0.016822998367320804,0.682315112540193,1976,1051,4244,61423
101087,salt_pepper,low,median_filter,0.9247095816228491,0.7419205909510619,0.25836012861736335,0.3832578106367755,0.23705561292225993,0.008947722252457022,0.7416398713826367,1607,559,4613,61915
101087,salt_pepper,low,bilateral_filter,0.8960025620869363,0.36217183770883055,0.19517684887459807,0.25365649811951524,0.14525005982292413,0.034222236450363354,0.8048231511254019,1214,2138,5006,60336
101087,salt_pepper,low,nlm,0.9020147319998836,0.46163087550683285,0.4942122186495177,0.4773662551440329,0.31351351351351353,0.0573838716906233,0.5057877813504823,3074,3585,3146,58889
101087,salt_pepper,medium,none,0.7228142195824963,0.19011939865616087,0.6323151125401929,0.2923402831976809,0.17119352311308436,0.2681755610333899,0.3676848874598071,3933,16754,2287,45720
101087,salt_pepper,medium,gaussian_blur,0.873002008909075,0.31923187987294255,0.3554662379421222,0.3363760839799178,0.20219478737997257,0.07547139610077792,0.6445337620578778,2211,4715,4009,57759
101087,salt_pepper,medium,median_filter,0.922409526305063,0.6950043821209465,0.254983922829582,0.3730886850152905,0.22932330827067668,0.011140634503953644,0.745016077170418,1586,696,4634,61778
101087,salt_pepper,medium,bilateral_filter,0.8146271872361487,0.1751446239776581,0.2823151125401929,0.21617628954819648,0.12118702553485163,0.13237506802829976,0.7176848874598071,1756,8270,4464,54204
101087,salt_pepper,medium,nlm,0.9095990916237225,0.5032133676092545,0.12588424437299037,0.20138888888888892,0.11196911196911197,0.012373147229247367,0.8741157556270096,783,773,5437,61701
101087,salt_pepper,high,none,0.6490668762919615,0.13063230496014538,0.5085209003215434,0.20786646074984388,0.11598826549321599,0.3369401671095176,0.4914790996784566,3163,21050,3057,41424
101087,salt_pepper,high,gaussian_blur,0.7462369348123562,0.1477315571195174,0.3779742765273312,0.2124333604409506,0.11883940757215791,0.21709831289816564,0.6220257234726688,2351,13563,3869,48911
101087,salt_pepper,high,median_filter,0.9202841587329316,0.6541010770505385,0.2538585209003215,0.3657632615242066,0.2238128986534373,0.013365560072990364,0.7461414790996784,1579,835,4641,61639
101087,salt_pepper,high,bilateral_filter,0.6848341922147495,0.12147973702286331,0.39807073954983924,0.1861514171866777,0.10262787034734311,0.2866152319364856,0.6019292604501608,2476,17906,3744,44568
101087,salt_pepper,high,nlm,0.8365504993158064,0.14310148232611175,0.16141479099678457,0.1517074644907827,0.08207979071288424,0.09623203252553061,0.8385852090032154,1004,6012,5216,56462
102061,gaussian,low,none,0.9430809095408623,0.6299547752061718,0.8076398362892224,0.7078164698849201,0.5477677538746241,0.04427821104567881,0.19236016371077763,4736,2782,1128,60048
102061,gaussian,low,gaussian_blur,0.9327161032986869,0.7189703808180536,0.34771487039563437,0.46873563218390807,0.30611019366461495,0.012685023078147381,0.6522851296043656,2039,797,3825,62033
102061,gaussian,low,median_filter,0.9174018109296299,0.5393537696768849,0.22203274215552524,0.3145687364097608,0.18663990825688073,0.017698551647302243,0.7779672578444747,1302,1112,4562,61718
102061,gaussian,low,bilateral_filter,0.9353073048592307,0.8466796875,0.2957025920873124,0.4383215369059656,0.28067335707348656,0.00499761260544326,0.7042974079126876,1734,314,4130,62516
102061,gaussian,low,nlm,0.9542026960142079,0.8500772797527048,0.562755798090041,0.6772009029345373,0.5119453924914675,0.009263090880152793,0.43724420190995905,3300,582,2564,62248
102061,gaussian,medium,none,0.683349346376685,0.16192867478083242,0.6488744884038199,0.25917853007288333,0.14888288922800016,0.3134330733725927,0.3511255115961801,3805,19693,2059,43137
102061,gaussian,medium,gaussian_blur,0.9266748187614638,0.6102960789543879,0.39017735334242837,0.47602205346926035,0.3123549488054608,0.0232532229826516,0.6098226466575716,2288,1461,3576,61369
102061,gaussian,medium,median_filter,0.9095554196873089,0.43796658371845004,0.2100954979536153,0.2839691137489916,0.16548018804566825,0.025163138628043927,0.7899045020463847,1232,1581,4632,61249
102061,gaussian,medium,bilateral_filter,0.9312603720848982,0.7300564061240935,0.30900409276944063,0.43421998562185476,0.2773186409550046,0.010663695686773835,0.6909959072305594,1812,670,4052,62160
102061,gaussian,medium,nlm,0.9286691705243544,0.7417251755265798,0.2522169167803547,0.37643166200050904,0.23185452265245338,0.00819672131147541,0.7477830832196453,1479,515,4385,62315
102061,gaussian,high,none,0.6341310740384896,0.12195409064155385,0.5300136425648022,0.19828383680500175,0.11005276017138203,0.3561515199745345,0.46998635743519784,3108,22377,2756,40453
102061,gaussian,high,gaussian_blur,0.8421113925524791,0.24823125126339196,0.41882673942701226,0.3117146846046453,0.18463388964065555,0.11838293808690116,0.5811732605729877,2456,7438,3408,55392
102061,gaussian,high,median_filter,0.8523015110489999,0.19912872400224846,0.24164392905866303,0.21833590138674883,0.12254605206261351,0.090705077192424,0.758356070941337,1417,5699,4447,57131
102061,gaussian,high,bilateral_filter,0.8272774914839724,0.23742014526997463,0.4626534788540246,0.31380486958533343,0.18610234600082315,0.13869170778290627,0.5373465211459755,2713,8714,3151,54116
102061,gaussian,high,nlm,0.9192651468832794,0.6044678055190539,0.15688949522510232,0.24911995667479014,0.14228270955768635,0.009581410154384847,0.8431105047748977,920,602,4944,62228
102061,salt_pepper,low,none,0.8911258625207442,0.43233051202547557,0.879774897680764,0.5797606338146879,0.4082133248931793,0.10781473818239694,0.12022510231923601,5159,6774,705,56056
102061,salt_pepper,low,gaussian_blur,0.9296299531254549,0.6487579433853264,0.3830150068212824,0.4816641647008364,0.3172316384180791,0.019353811873308927,0.6169849931787176,2246,1216,3618,61614
102061,salt_pepper,low,median_filter,0.9193670480682447,0.5607931163486719,0.2556275579809004,0.3511772285346141,0.21298664393293548,0.018685341397421614,0.7443724420190996,1499,1174,4365,61656
102061,salt_pepper,low,bilateral_filter,0.9191341310740385,0.5458049214349244,0.31394952251023195,0.3986142687019596,0.24891833423472148,0.024383256406175394,0.6860504774897681,1841,1532,4023,61298
102061,salt_pepper,low,nlm,0.9224386409293388,0.5376933895921238,0.651944065484311,0.5893325111761986,0.41776854988525847,0.0523157727200382,0.34805593451568895,3823,3287,2041,59543
102061,salt_pepper,medium,none,0.7014149707398026,0.17458342590535436,0.6700204638472033,0.2769924918044344,0.16076104746317513,0.29565494190673247,0.32997953615279674,3929,18576,1935,44254
102061,salt_pepper,medium,gaussian_blur,0.884706087867936,0.3465213496566139,0.3958049113233288,0.36952714535901926,0.22663802363050484,0.06966417316568518,0.6041950886766713,2321,4377,3543,58453
102061,salt_pepper,medium,median_filter,0.9189303287041081,0.5521754510081358,0.2662005457025921,0.35922218386836957,0.21893408134642356,0.020149610058889066,0.7337994542974079,1561,1266,4303,61564
102061,salt_pepper,medium,bilateral_filter,0.8215127958773693,0.20260344026034402,0.3715893587994543,0.2622299777363259,0.15090027700831024,0.13649530479070507,0.6284106412005457,2179,8576,3685,54254
102061,salt_pepper,medium,nlm,0.9207063207849303,0.6094488188976378,0.19798772169167803,0.298880164757369,0.1756961259079903,0.011841477001432437,0.802012278308322,1161,744,4703,62086
102061,salt_pepper,high,none,0.6209130346172883,0.1168875555386777,0.5248976807639836,0.19119793769605864,0.10570417940176517,0.37012573611332167,0.47510231923601637,3078,23255,2786,39575
102061,salt_pepper,high,gaussian_blur,0.762992401083064,0.1591518879654473,0.4147339699863574,0.23003074012768976,0.12996312723774917,0.20450421773038358,0.5852660300136425,2432,12849,3432,49981
102061,salt_pepper,high,median_filter,0.9151308702361196,0.5057046979865771,0.2569918144611187,0.34079601990049746,0.20539730134932535,0.023444214547190832,0.7430081855388813,1507,1473,4357,61357
102061,salt_pepper,high,bilateral_filter,0.6812385361166914,0.11907816583511523,0.4273533424283765,0.18625738600468245,0.10269229193131992,0.29506605124940316,0.5726466575716235,2506,18539,3358,44291
102061,salt_pepper,high,nlm,0.897720324919207,0.36093824796553375,0.257162346521146,0.30033857797251545,0.17670494492617764,0.04249562310997931,0.742837653478854,1508,2670,4356,60160
123074,gaussian,low,none,0.8636416572044138,0.5078873877273756,0.7026942355889725,0.5896166484118291,0.41805417495029823,0.11028789877871376,0.2973057644110276,6729,6520,2847,52598
123074,gaussian,low,gaussian_blur,0.8810958744577401,0.748587570621469,0.22138680033416874,0.3417150225660864,0.20606531881804044,0.01204370919178592,0.7786131996658312,2120,712,7456,58406
123074,gaussian,low,median_filter,0.8707019535912889,0.6679574056147144,0.14411027568922305,0.2370726679264731,0.13447671019294485,0.011603910822422951,0.8558897243107769,1380,686,8196,58432
123074,gaussian,low,bilateral_filter,0.8678487204122631,0.7929411764705883,0.07038429406850459,0.12929215422981008,0.06911402789171452,0.0029770966541493283,0.9296157059314955,674,176,8902,58942
123074,gaussian,low,nlm,0.8837889772032492,0.7874413569108625,0.22786131996658313,0.35344618125860533,0.2146581406787998,0.009963124598261104,0.7721386800334169,2182,589,7394,58529
123074,gaussian,medium,none,0.6528372201356741,0.210671423937723,0.5426065162907269,0.3035046728971963,0.17890097782674563,0.3293074867214723,0.4573934837092732,5196,19468,4380,39650
123074,gaussian,medium,gaussian_blur,0.874283052377209,0.6131439576311989,0.26597744360902253,0.37101238164603056,0.22775641598855406,0.0271829222910112,0.7340225563909775,2547,1607,7029,57511
123074,gaussian,medium,median_filter,0.8587212857018081,0.47251810822326373,0.11581035923141186,0.1860270066258492,0.1025522470871093,0.020941168510436755,0.8841896407685882,1109,1238,8467,57880
123074,gaussian,medium,bilateral_filter,0.8666404635048185,0.6632572777340676,0.08803258145363409,0.15543468240066377,0.08426629348260696,0.007239757772590412,0.9119674185463659,843,428,8733,58690
123074,gaussian,medium,nlm,0.8649372579846857,0.7063711911357341,0.05325814536340852,0.09904835890464166,0.052104617899468735,0.0035860482424980547,0.9467418546365914,510,212,9066,58906
123074,gaussian,high,none,0.6098203627682185,0.16762492764808026,0.45363408521303256,0.24479445493223634,0.13946768549137958,0.3648804086741771,0.5463659147869674,4344,21571,5232,37547
123074,gaussian,high,gaussian_blur,0.7758465077008181,0.26444408480336623,0.3412698412698413,0.297984863681955,0.17507768134576235,0.1537602760580534,0.6587301587301587,3268,9090,6308,50028
123074,gaussian,high,median_filter,0.7932279383934551,0.21593420083476553,0.18368838763575607,0.19851032614829028,0.11019231973939736,0.10803816096620318,0.816311612364244,1759,6387,7817,52731
123074,gaussian,high,bilateral_filter,0.7501091798410342,0.23240727682978424,0.3441938178780284,0.27746443303308355,0.1610790734043593,0.1841401941878954,0.6558061821219716,3296,10886,6280,48232
123074,gaussian,high,nlm,0.8623023844877282,0.6081330868761553,0.03435672514619883,0.0650390431946229,0.033612586841029836,0.0035860482424980547,0.9656432748538012,329,212,9247,58906
123074,salt_pepper,low,none,0.8738900049494861,0.5300269683615076,0.8414786967418546,0.6503894426732315,0.48190897673584115,0.1208599749653236,0.15852130325814537,8058,7145,1518,51973
123074,salt_pepper,low,gaussian_blur,0.8760736017701691,0.6495918941739375,0.24101921470342522,0.35158808744001824,0.21328897514092968,0.021059575763726784,0.7589807852965748,2308,1245,7268,57873
123074,salt_pepper,low,median_filter,0.8756077677817568,0.7226781857451404,0.17470760233918128,0.28138928601463287,0.16373067136425914,0.010859636658885619,0.8252923976608187,1673,642,7903,58476
123074,salt_pepper,low,bilateral_filter,0.859492823245116,0.4785794813979707,0.08865914786967419,0.14960352422907489,0.08084944291019903,0.01564667275618255,0.9113408521303258,849,925,8727,58193
123074,salt_pepper,low,nlm,0.850612862841005,0.4559578839239856,0.37082289055973267,0.40900714121170234,0.25707666690798525,0.07167021888426536,0.6291771094402674,3551,4237,6025,54881
123074,salt_pepper,medium,none,0.6785163187469065,0.23625168690958165,0.5850041771094403,0.3365777457341985,0.2023405331214332,0.3063364795832065,0.41499582289055975,5602,18110,3974,41008
123074,salt_pepper,medium,gaussian_blur,0.8309604914548577,0.3677578591842037,0.29563492063492064,0.32777584809540344,0.196011908883196,0.08232687168036808,0.7043650793650794,2831,4867,6745,54251
123074,salt_pepper,medium,median_filter,0.8736716452674178,0.6801765650080257,0.17700501253132833,0.28090818694066955,0.1634049937337318,0.013481511553164858,0.8229949874686717,1695,797,7881,58321
123074,salt_pepper,medium,bilateral_filter,0.7928057763414563,0.2203003003003003,0.1915204678362573,0.20490475392436175,0.11414700939814526,0.10979735444365506,0.8084795321637427,1834,6491,7742,52627
123074,salt_pepper,medium,nlm,0.8633213963373803,0.6721915285451197,0.03811612364243943,0.0721415159600751,0.037420545417264715,0.00301092729794648,0.9618838763575606,365,178,9211,58940
123074,salt_pepper,high,none,0.6062392639822983,0.16666030752794841,0.45614035087719296,0.24412463322621214,0.13903300760734635,0.3694475455867925,0.543859649122807,4368,21841,5208,37277
123074,salt_pepper,high,gaussian_blur,0.7239060179928378,0.20505088578967207,0.3408521303258145,0.25606024947046363,0.1468286099865047,0.2140464833045773,0.6591478696741855,3264,12654,6312,46464
123074,salt_pepper,high,median_filter,0.8676885899787463,0.5885132679025808,0.1690685045948204,0.2626754279224467,0.15119536794919686,0.019148144389187726,0.8309314954051796,1619,1132,7957,57986
123074,salt_pepper,high,bilateral_filter,0.6629836666957812,0.16360212122713982,0.3447159565580618,0.22189359056229624,0.12479207621351883,0.285462972360364,0.6552840434419381,3301,16876,6275,42242
123074,salt_pepper,high,nlm,0.8507584359623839,0.321353065539112,0.06349206349206349,0.10603418207185211,0.05598526703499079,0.021719273317771237,0.9365079365079365,608,1284,8968,57834
16077,gaussian,low,none,0.8889713803243369,0.5995040297582145,0.7588033349681216,0.6698125459976622,0.5035474842153226,0.08834339048530744,0.24119666503187837,7736,5168,2459,53331
16077,gaussian,low,gaussian_blur,0.8848225463650392,0.7517089305402426,0.33437959784207943,0.4628649015614392,0.3011218090274711,0.019248192276791056,0.6656204021579205,3409,1126,6786,57373
16077,gaussian,low,median_filter,0.8695082539959822,0.6526916397916149,0.2580676802354095,0.3698861239983129,0.22690815006468304,0.023932033026205578,0.7419323197645905,2631,1400,7564,57099
16077,gaussian,low,bilateral_filter,0.8718374239380441,0.7844580777096114,0.18813143697891124,0.30348101265822786,0.17888453646707703,0.009008701003435956,0.8118685630210888,1918,527,8277,57972
16077,gaussian,low,nlm,0.8986665502081695,0.8040616773223016,0.4194212849435998,0.5512795719718946,0.3805286108391919,0.017812270295218723,0.5805787150564002,4276,1042,5919,57457
16077,gaussian,medium,none,0.6779485835735289,0.25123049970801703,0.5907797940166748,0.35254177763469813,0.21399133091735947,0.30685994632386876,0.40922020598332515,6023,17951,4172,40548
16077,gaussian,medium,gaussian_blur,0.8743267243136227,0.6410765895953757,0.34811181951937226,0.4512109846799313,0.2913314726645871,0.033966392587907485,0.6518881804806278,3549,1987,6646,56512
16077,gaussian,medium,median_filter,0.8503945031589367,0.4906648451730419,0.21137812653261404,0.29546856790292725,0.17334298584298585,0.038239969914015626,0.788621873467386,2155,2237,8040,56262
16077,gaussian,medium,bilateral_filter,0.8675284595452296,0.6600409237065186,0.22148111819519373,0.331668625146886,0.19880260609262193,0.01988068172105506,0.7785188818048063,2258,1163,7937,57336
16077,gaussian,medium,nlm,0.8607447520889743,0.644997694790226,0.13722412947523296,0.22630216758330637,0.12758777929776563,0.013162618164413067,0.862775870524767,1399,770,8796,57729
16077,gaussian,high,none,0.6195592045884648,0.19164248403946604,0.48582638548307994,0.27486126526082133,0.15932704989223792,0.35713430998820495,0.51417361451692,4953,20892,5242,37607
16077,gaussian,high,gaussian_blur,0.8028357644044604,0.34800762458019424,0.3760666993624326,0.3614934942485386,0.22062377718955,0.12278842373373904,0.6239333006375675,3834,7183,6361,51316
16077,gaussian,high,median_filter,0.7918741083646316,0.27286821705426356,0.2416871015203531,0.25633289986996094,0.14700793508740528,0.11224123489290415,0.7583128984796469,2464,6566,7731,51933
16077,gaussian,high,bilateral_filter,0.7827612309663143,0.3149655604257984,0.3947032859244728,0.35035479517652696,0.21238190742597773,0.1496093950323937,0.6052967140755272,4024,8752,6171,49747
16077,gaussian,high,nlm,0.855242088100853,0.5589478628464067,0.11672388425698872,0.19311911716975005,0.10687982755523621,0.01605155643686217,0.8832761157430112,1190,939,9005,57560
16077,salt_pepper,low,none,0.885739657029726,0.5770392749244713,0.8617949975478175,0.6912395263758311,0.5281635106702736,0.11008735192054565,0.13820500245218245,8786,6440,1409,52059
16077,salt_pepper,low,gaussian_blur,0.8776894634174746,0.6682304372302496,0.34928886709171164,0.45877351198144806,0.29766780907799045,0.030222738850236755,0.6507111329082884,3561,1768,6634,56731
16077,salt_pepper,low,median_filter,0.8748507875505867,0.6830050389372423,0.29249632172633644,0.4095872536226907,0.2575351930218499,0.023658524077334656,0.7075036782736636,2982,1384,7213,57115
16077,salt_pepper,low,bilateral_filter,0.849972341106938,0.48796878387166703,0.22079450711132909,0.3040248514316585,0.17926256271402405,0.040376758577069696,0.7792054928886709,2251,2362,7944,56137
16077,salt_pepper,low,nlm,0.8700032026086704,0.5699281370923162,0.5056400196174595,0.5358627858627858,0.36599219027334046,0.06649686319424264,0.4943599803825405,5155,3890,5040,54609
16077,salt_pepper,medium,none,0.7007016624450462,0.27595002377761446,0.6260912211868563,0.38306427414031086,0.23690754555914337,0.28629549223063644,0.3739087788131437,6383,16748,3812,41751
16077,salt_pepper,medium,gaussian_blur,0.8286749934492096,0.4117317182593091,0.36007846983815595,0.3841766521898383,0.23775906735751295,0.08965965230174874,0.639921530161844,3671,5245,6524,53254
16077,salt_pepper,medium,median_filter,0.8706582816548752,0.6471248876909255,0.2825895046591466,0.39339113811702053,0.2448580656127826,0.026855159917263543,0.7174104953408533,2881,1571,7314,56928
16077,salt_pepper,medium,bilateral_filter,0.7570384604186683,0.24264997226404628,0.30034330554193234,0.26843166476724817,0.15502227622519238,0.1633703140224619,0.6996566944580677,3062,9557,7133,48942
16077,salt_pepper,medium,nlm,0.8555769062800245,0.5741341991341992,0.10407062285434036,0.17620194303744915,0.09661263886359497,0.01345322142258842,0.8959293771456597,1061,787,9134,57712
16077,salt_pepper,high,none,0.614376801467377,0.18981992614306925,0.48906326630701324,0.27349020898469645,0.1584064048799085,0.3637839963076292,0.5109367336929868,4986,21281,5209,37218
16077,salt_pepper,high,gaussian_blur,0.7140652749876263,0.22235937224475402,0.3710642471799902,0.27807997647750665,0.1614941302027748,0.22615771209764268,0.6289357528200098,3783,13230,6412,45269
16077,salt_pepper,high,median_filter,0.8653885346609602,0.6020232458028412,0.274350171652771,0.3769287783842059,0.2322318166722019,0.03160737790389579,0.725649828347229,2797,1849,7398,56650
16077,salt_pepper,high,bilateral_filter,0.6494453664075465,0.185124716553288,0.4003923491907798,0.25318654054892237,0.14494194510527997,0.30715054958204413,0.5996076508092202,4082,17968,6113,40531
16077,salt_pepper,high,nlm,0.8148746615424928,0.29654727331397224,0.18028445316331534,0.22424205453547247,0.12627962899347303,0.07453118856732593,0.8197155468366847,1838,4360,8357,54139
210088,gaussian,low,none,0.9284653681544239,0.575872714319639,0.7832687338501292,0.6637470918297523,0.4967226546497337,0.05715017119452177,0.2167312661498708,4850,3572,1342,58930
210088,gaussian,low,gaussian_blur,0.9466620083267825,0.8153692614770459,0.5277777777777778,0.6407843137254903,0.47143681477207156,0.011839621132123772,0.4722222222222222,3268,740,2924,61762
210088,gaussian,low,median_filter,0.9404314787317669,0.7754459601259182,0.47739018087855295,0.5909636145541783,0.4194097616345062,0.013695561742024255,0.522609819121447,2956,856,3236,61646
210088,gaussian,low,bilateral_filter,0.9386700439630826,0.8465849387040281,0.3903423772609819,0.5343207693157952,0.3645550527903469,0.0070077757511759625,0.6096576227390181,2417,438,3775,62064
210088,gaussian,low,nlm,0.9474335458700905,0.8136087484811665,0.5406976744186046,0.6496555738818279,0.4811036068400632,0.012271607308566126,0.45930232558139533,3348,767,2844,61735
210088,gaussian,medium,none,0.6799720499606953,0.16468489892984542,0.6262919896640827,0.26079354404841965,0.14994973319928853,0.314709929282263,0.37370801033591733,3878,19670,2314,42832
210088,gaussian,medium,gaussian_blur,0.934375636882406,0.6814655172413793,0.5106589147286822,0.5838257016248154,0.4122555410691004,0.023647243288214777,0.4893410852713178,3162,1478,3030,61024
210088,gaussian,medium,median_filter,0.920342387981483,0.5880626223091977,0.38824289405684753,0.467704280155642,0.3052310817673946,0.026943137819589773,0.6117571059431525,2404,1684,3788,60818
210088,gaussian,medium,bilateral_filter,0.9303287041080734,0.7116195063214931,0.3817829457364341,0.4969518604162287,0.33062937062937064,0.01532750951969537,0.6182170542635659,2364,958,3828,61544
210088,gaussian,medium,nlm,0.9269659650042216,0.7272727272727273,0.30361757105943155,0.428392389199043,0.27258228215166014,0.01127963905155035,0.6963824289405685,1880,705,4312,61797
210088,gaussian,high,none,0.6307392203103619,0.12395073350592296,0.5103359173126615,0.19945717351511705,0.1107761340531445,0.3573325653579085,0.4896640826873385,3160,22334,3032,40168
210088,gaussian,high,gaussian_blur,0.8326928115992663,0.26226567405148443,0.4722222222222222,0.33723545354939155,0.20281611985850037,0.1315957889347541,0.5277777777777778,2924,8225,3268,54277
210088,gaussian,high,median_filter,0.8507729932745218,0.2456448176463216,0.3165374677002584,0.2766212687883707,0.1605110146589141,0.09630091837061214,0.6834625322997416,1960,6019,4232,56483
210088,gaussian,high,bilateral_filter,0.7982356537688882,0.21392329503059246,0.4630167958656331,0.29264060426661226,0.17139953368804925,0.1685546062525999,0.536983204134367,2867,10535,3325,51967
210088,gaussian,high,nlm,0.9187410836463156,0.615442846328539,0.2625968992248062,0.36812316051618743,0.2255826859045505,0.016255479824645612,0.7374031007751938,1626,1016,4566,61486
210088,salt_pepper,low,none,0.8819401985617376,0.42392511502459146,0.8630490956072352,0.5685711245877221,0.39720529210643674,0.1161882819749768,0.13695090439276486,5344,7262,848,55240
210088,salt_pepper,low,gaussian_blur,0.941072000465834,0.7425339366515837,0.5300387596899225,0.6185450433471542,0.4477489768076398,0.018207417362644394,0.4699612403100775,3282,1138,2910,61364
210088,salt_pepper,low,median_filter,0.9513931347715958,0.8308977035490606,0.5784883720930233,0.6820908311910884,0.517555266579974,0.011663626763943554,0.42151162790697677,3582,729,2610,61773
210088,salt_pepper,low,bilateral_filter,0.9255393484147088,0.6426490066225166,0.39179586563307495,0.4868064613223638,0.3217079962869646,0.021583309334101308,0.6082041343669251,2426,1349,3766,61153
210088,salt_pepper,low,nlm,0.9001222814219583,0.4606701940035273,0.6327519379844961,0.5331700347009594,0.3634845532980796,0.073389651531151,0.36724806201550386,3918,4587,2274,57915
210088,salt_pepper,medium,none,0.6927533700177599,0.1731393004295608,0.6379198966408268,0.27235744328759565,0.15764687100893998,0.3018143419410579,0.3620801033591731,3950,18864,2242,43638
210088,salt_pepper,medium,gaussian_blur,0.8862346056424142,0.3894263523640823,0.4615633074935401,0.4224373660483335,0.26777850651175866,0.07169370580141435,0.53843669250646,2858,4481,3334,58021
210088,salt_pepper,medium,median_filter,0.9460360439048534,0.7859608745684695,0.5515180878552972,0.6481920850336907,0.47950014040999717,0.014879523855236632,0.44848191214470284,3415,930,2777,61572
210088,salt_pepper,medium,bilateral_filter,0.8274230646053513,0.2385261797026503,0.4171511627906977,0.30350743199576996,0.17890289513783073,0.13193177818309815,0.5828488372093024,2583,8246,3609,54256
210088,salt_pepper,medium,nlm,0.9190759018254869,0.6418646346929628,0.23126614987080105,0.34002137005817407,0.20483478758403662,0.012783590925090398,0.7687338501291989,1432,799,4760,61703
210088,salt_pepper,high,none,0.6203598567560485,0.11967871485943775,0.5053294573643411,0.19352444568141758,0.10712818405916187,0.3682442161850821,0.4946705426356589,3129,23016,3063,39486
210088,salt_pepper,high,gaussian_blur,0.7701982705913181,0.1834499142140689,0.44896640826873385,0.26047034573222144,0.14973607669934288,0.19797766471472913,0.5510335917312662,2780,12374,3412,50128
210088,salt_pepper,high,median_filter,0.9367630360730195,0.7032556093268808,0.5163113695090439,0.5954553920655615,0.42394907837156875,0.021583309334101308,0.48368863049095606,3197,1349,2995,61153
210088,salt_pepper,high,bilateral_filter,0.6813258799895188,0.13225579761068165,0.45591085271317827,0.20503322802048152,0.114226754066521,0.29634251703945474,0.5440891472868217,2823,18522,3369,43980
210088,salt_pepper,high,nlm,0.8961190205840394,0.38050632911392407,0.24273255813953487,0.29639124433050684,0.17397846973029285,0.039150747176090364,0.7572674418604651,1503,2447,4689,60055
24077,gaussian,low,none,0.9259469531545695,0.7371190900602665,0.8135656735994005,0.773458027165442,0.6306005373611212,0.053378145467080314,0.1864343264005996,8684,3097,1990,54923
24077,gaussian,low,gaussian_blur,0.9006900165953359,0.7563897763578274,0.5323215289488477,0.6248762784559551,0.45441458733205375,0.03154084798345398,0.46767847105115234,5682,1830,4992,56190
24077,gaussian,low,median_filter,0.8704835939092206,0.6367133405139253,0.3876709762038599,0.48191929191172195,0.3174530111238972,0.04069286452947259,0.6123290237961402,4138,2361,6536,55659
24077,gaussian,low,bilateral_filter,0.8977931114798964,0.8361862690962636,0.4256136406220723,0.5641025641025641,0.39285714285714285,0.015339538090313685,0.5743863593779277,4543,890,6131,57130
24077,gaussian,low,nlm,0.9331237080385477,0.862508943477224,0.677627880831928,0.7589716684155299,0.6115667540373722,0.01987245777318166,0.32237211916807196,7233,1153,3441,56867
24077,gaussian,medium,none,0.737648120651003,0.3312046310759901,0.6753794266441822,0.4444512946979038,0.28571994768340536,0.25089624267493965,0.3246205733558179,7209,14557,3465,43463
24077,gaussian,medium,gaussian_blur,0.8859143447753807,0.684388405043546,0.49325463743676223,0.5733108292045516,0.4018470462524805,0.041847638745260256,0.5067453625632378,5265,2428,5409,55592
24077,gaussian,medium,median_filter,0.8449355111072292,0.5016626360338573,0.31094247704703015,0.3839213418160787,0.23756352444349008,0.05682523267838676,0.6890575229529698,3319,3297,7355,54723
24077,gaussian,medium,bilateral_filter,0.8861618190817248,0.7378333333333333,0.414746112047967,0.5310063572028307,0.3614762799052829,0.027111340916925197,0.5852538879520329,4427,1573,6247,56447
24077,gaussian,medium,nlm,0.8855212973476577,0.7727096273291926,0.37296233839235526,0.5030961708580817,0.33609117771211483,0.02018269562219924,0.6270376616076447,3981,1171,6693,56849
24077,gaussian,high,none,0.6510321134305762,0.23629729515348616,0.5581787521079258,0.33203299152920196,0.19906448379552288,0.33188555670458464,0.4418212478920742,5958,19256,4716,38764
24077,gaussian,high,gaussian_blur,0.8271464756747314,0.4464954521134296,0.4690837549184935,0.4575109649122807,0.2966056513239737,0.10698035160289555,0.5309162450815065,5007,6207,5667,51813
24077,gaussian,high,median_filter,0.7905202783358081,0.3189789555728761,0.30672662544500656,0.31273283026076987,0.18534873188405798,0.12047569803516028,0.6932733745549935,3274,6990,7400,51030
24077,gaussian,high,bilateral_filter,0.8112935627565726,0.40800578731613213,0.47554806070826305,0.43919532770927966,0.281390320971229,0.12693898655635988,0.524451939291737,5076,7365,5598,50655
24077,gaussian,high,nlm,0.8681689812792965,0.6787450287229342,0.28780213603147836,0.40421052631578946,0.2532981530343008,0.02506032402619786,0.7121978639685217,3072,1454,7602,56566
24077,salt_pepper,low,none,0.9088421113925524,0.6491145058807625,0.8996627318718381,0.7541228207947227,0.6052946738102742,0.08946914856945881,0.10033726812816189,9603,5191,1071,52829
24077,salt_pepper,low,gaussian_blur,0.890630913908056,0.6923919659160073,0.5328836424957841,0.602255280851289,0.43087644875388226,0.04355394691485694,0.4671163575042159,5688,2527,4986,55493
24077,salt_pepper,low,median_filter,0.8763647480129269,0.6598270555474132,0.421772531384673,0.5146025032862777,0.3464409388226241,0.040003447087211305,0.5782274686153269,4502,2321,6172,55699
24077,salt_pepper,low,bilateral_filter,0.8652575188517192,0.5876390605686033,0.44538130035600526,0.5067149861436794,0.3393290506780871,0.05749741468459152,0.5546186996439948,4754,3336,5920,54684
24077,salt_pepper,low,nlm,0.8978950126648616,0.654196157735086,0.7273749297358066,0.6888474846952356,0.5253755582622818,0.07073422957600828,0.27262507026419336,7764,4104,2910,53916
24077,salt_pepper,medium,none,0.7463242786851836,0.3445672191528545,0.7011429642121042,0.4620608754707662,0.30044158972300283,0.24536366770079282,0.2988570357878958,7484,14236,3190,43784
24077,salt_pepper,medium,gaussian_blur,0.8361720092002213,0.4743044479886585,0.5014989694584973,0.4875227686703097,0.32233395556090805,0.10225784212340572,0.49850103054150274,5353,5933,5321,52087
24077,salt_pepper,medium,median_filter,0.8719393251230093,0.6361921346684081,0.4107176316282556,0.4991744947338456,0.33259995447993324,0.0432092381937263,0.5892823683717444,4384,2507,6290,55513
24077,salt_pepper,medium,bilateral_filter,0.7701982705913181,0.331041776837652,0.4691774405096496,0.38818696225098825,0.24083870347215544,0.17442261289210617,0.5308225594903504,5008,10120,5666,47900
24077,salt_pepper,medium,nlm,0.8643695228113081,0.628918867566027,0.31009930672662545,0.41538558072410114,0.26213669121723293,0.033660806618407445,0.6899006932733746,3310,1953,7364,56067
24077,salt_pepper,high,none,0.6431420502518415,0.22770913669630913,0.5421585160202361,0.3207160274883618,0.19098379591432627,0.33827990348155806,0.45784148397976393,5787,19627,4887,38393
24077,salt_pepper,high,gaussian_blur,0.7329024368940519,0.28412287611117365,0.473112235338205,0.35503374578177727,0.21583041285579965,0.2193036883833161,0.526887764661795,5050,12724,5624,45296
24077,salt_pepper,high,median_filter,0.8618947797478673,0.5831814996496145,0.3898257448004497,0.46729181874333203,0.304879835873388,0.05125818683212685,0.6101742551995503,4161,2974,6513,55046
24077,salt_pepper,high,bilateral_filter,0.6565202201065595,0.21730188596683148,0.46524264568109425,0.29623885226832103,0.17387346381429222,0.308290244743192,0.5347573543189057,4966,17887,5708,40133
24077,salt_pepper,high,nlm,0.7948729146650363,0.3476050307733476,0.3650927487352445,0.35613433858807403,0.2166444296197465,0.12605997931747673,0.6349072512647554,3897,7314,6777,50706
299086,gaussian,low,none,0.954959676245378,0.5356995460173339,0.7546511627906977,0.6265990827902487,0.4562390158172232,0.03448064486468262,0.2453488372093023,2596,2250,844,63004
299086,gaussian,low,gaussian_blur,0.9585990042798498,0.7915851272015656,0.23517441860465116,0.3626176602420439,0.22146181220914318,0.003264167713856622,0.7648255813953488,809,213,2631,65041
299086,gaussian,low,median_filter,0.9557020991644103,0.6895893027698186,0.20988372093023255,0.32181858702919547,0.19176626826029217,0.004980537591565268,0.7901162790697674,722,325,2718,64929
299086,gaussian,low,bilateral_filter,0.9518152968235944,0.8457446808510638,0.04622093023255814,0.087651598676957,0.045834534447967715,0.0004444172004781316,0.9537790697674419,159,29,3281,65225
299086,gaussian,low,nlm,0.9578274667365417,0.8175438596491228,0.20319767441860465,0.32549476135040745,0.19438264738598443,0.0023906580439513286,0.7968023255813953,699,156,2741,65098
299086,gaussian,medium,none,0.6661717180539786,0.08329057636394732,0.5662790697674419,0.1452214104666766,0.07829581993569132,0.32856223373279797,0.43372093023255814,1948,21440,1492,43814
299086,gaussian,medium,gaussian_blur,0.9549887908696538,0.6300448430493274,0.24505813953488373,0.3528673084972792,0.21423125794155018,0.007585741870230178,0.7549418604651162,843,495,2597,64759
299086,gaussian,medium,median_filter,0.9499665181820829,0.5021707670043415,0.10087209302325581,0.16799806342290002,0.09170190274841437,0.005271707481533699,0.8991279069767442,347,344,3093,64910
299086,gaussian,medium,bilateral_filter,0.9520045418813871,0.6810126582278481,0.07819767441860465,0.14028683181225554,0.07543466068424004,0.001930916112422227,0.9218023255813953,269,126,3171,65128
299086,gaussian,medium,nlm,0.9499519608699449,0.5116279069767442,0.012790697674418604,0.02495745887691435,0.01263641585295807,0.0006436387041407423,0.9872093023255814,44,42,3396,65212
299086,gaussian,high,none,0.6234023349928669,0.062221875243969084,0.4633720930232558,0.10971161126023814,0.05803961549665016,0.3681613387685046,0.5366279069767442,1594,24024,1846,41230
299086,gaussian,high,gaussian_blur,0.8457798352112266,0.1283250207813799,0.35901162790697677,0.18906919779546846,0.10440442979119115,0.1285591687865878,0.6409883720930233,1235,8389,2205,56865
299086,gaussian,high,median_filter,0.9009957201502314,0.13315869897402313,0.17732558139534885,0.15210073556913103,0.08231007961138848,0.06085450700340209,0.8226744186046512,610,3971,2830,61283
299086,gaussian,high,bilateral_filter,0.8276705389116954,0.11498257839721254,0.36453488372093024,0.17482225010455876,0.09578368469294225,0.14791430410396297,0.6354651162790698,1254,9652,2186,55602
299086,gaussian,high,nlm,0.9500393047427723,0.5384615384615384,0.01627906976744186,0.03160270880361174,0.016055045871559634,0.0007355870904465627,0.9837209302325581,56,48,3384,65206
299086,salt_pepper,low,none,0.8751128191690686,0.26719217178581134,0.8572674418604651,0.40740484907094016,0.2558119361554476,0.12394642474024581,0.1427325581395349,2949,8088,491,57166
299086,salt_pepper,low,gaussian_blur,0.9561679331528227,0.668235294117647,0.24767441860465117,0.3613997879109226,0.22055397359565104,0.006482361234560334,0.7523255813953489,852,423,2588,64831
299086,salt_pepper,low,median_filter,0.9592977552624683,0.7413793103448276,0.2875,0.41432760787599504,0.26129458388375165,0.005287032212584669,0.7125,989,345,2451,64909
299086,salt_pepper,low,bilateral_filter,0.9483797711590531,0.39846743295019155,0.06046511627906977,0.104997476022211,0.0554075652637187,0.004811965550004597,0.9395348837209302,208,314,3232,64940
299086,salt_pepper,low,nlm,0.9348851428072321,0.36281540504648074,0.39709302325581397,0.3791811242192921,0.2339441685220072,0.036764029791277165,0.602906976744186,1366,2399,2074,62855
299086,salt_pepper,medium,none,0.6815005677351734,0.09102603912522735,0.5965116279069768,0.15794942847246277,0.0857465212485897,0.3140190639654274,0.40348837209302324,2052,20491,1388,44763
299086,salt_pepper,medium,gaussian_blur,0.9252482021719509,0.2801556420233463,0.313953488372093,0.29609321453050036,0.1737731295253419,0.042526128666441905,0.686046511627907,1080,2775,2360,62479
299086,salt_pepper,medium,median_filter,0.9586281189041256,0.7198529411764706,0.2845930232558139,0.40791666666666665,0.2562156503533107,0.005838722530419591,0.7154069767441861,979,381,2461,64873
299086,salt_pepper,medium,bilateral_filter,0.8938044079541153,0.12811113254871695,0.1930232558139535,0.1540067261973791,0.0834275662771705,0.06925245961933368,0.8069767441860465,664,4519,2776,60735
299086,salt_pepper,medium,nlm,0.9502431071127027,0.7037037037037037,0.011046511627906977,0.021751574127074985,0.01099537037037037,0.0002451956968155209,0.9889534883720931,38,16,3402,65238
299086,salt_pepper,high,none,0.6155268291262701,0.05982447399685739,0.45377906976744187,0.1057122540886466,0.055805805805805804,0.3759463021423974,0.5462209302325581,1561,24532,1879,40722
299086,salt_pepper,high,gaussian_blur,0.7925146300986986,0.08751049057755397,0.3334302325581395,0.13863540218770773,0.07448051948051948,0.18328378336960185,0.6665697674418605,1147,11960,2293,53294
299086,salt_pepper,high,median_filter,0.9566774390776487,0.6657142857142857,0.2709302325581395,0.38512396694214873,0.23848515864892528,0.007171974131853986,0.7290697674418605,932,468,2508,64786
299086,salt_pepper,high,bilateral_filter,0.7153463184557604,0.0630220197418375,0.3377906976744186,0.10622543194076241,0.056091909635064684,0.2647500536365587,0.6622093023255814,1162,17276,2278,47978
299086,salt_pepper,high,nlm,0.9464873205811279,0.17039106145251395,0.017732558139534883,0.032122169562927856,0.016323253947016322,0.004551445122138106,0.9822674418604651,61,297,3379,64957
